Date,DHI,LEN,Signal,Lagged Signal,Spread Return,Strategy Return,Cumulative Return
2022-01-05 00:00:00-05:00,-0.025385690999296887,-0.015491616749593295,0,0.0,-0.009894074249703592,-0.0,1.0
2022-01-06 00:00:00-05:00,-0.015349619243406389,-0.025037877387819877,0,0.0,0.009688258144413488,0.0,1.0
2022-01-07 00:00:00-05:00,-0.0636588600465063,-0.048535748776443746,1,0.0,-0.01512311127006255,-0.0,1.0
2022-01-10 00:00:00-05:00,0.005027397234728268,0.010435807221771072,0,1.0,-0.005408409987042804,-0.005408409987042804,0.9945915900129572
2022-01-11 00:00:00-05:00,0.03096160883911821,0.03494884175861143,-1,0.0,-0.003987232919493221,-0.0,0.9945915900129572
2022-01-12 00:00:00-05:00,0.007064850740272748,0.001947496641484954,0,-1.0,0.005117354098787793,-0.005117354098787793,0.9895019126631845
2022-01-13 00:00:00-05:00,0.0033134508897483027,0.005543192906205109,0,0.0,-0.0022297420164568062,-0.0,0.9895019126631845
2022-01-14 00:00:00-05:00,-0.012406352857152612,-0.0035072481602713393,0,0.0,-0.008899104696881273,-0.0,0.9895019126631845
2022-01-18 00:00:00-05:00,-0.05325542522160678,-0.06552513948700951,1,0.0,0.012269714265402736,0.0,0.9895019126631845
2022-01-19 00:00:00-05:00,-0.033635860889512974,-0.0448197244699514,1,1.0,0.011183863580438429,0.011183863580438429,1.0005683670669925
2022-01-20 00:00:00-05:00,-0.02205028621872029,-0.012989320148145186,0,1.0,-0.009060966070575105,-0.009060966070575105,0.9915022510417076
2022-01-21 00:00:00-05:00,-0.005560718019650669,-0.0031427315923477335,0,0.0,-0.0024179864273029357,-0.0,0.9915022510417076
2022-01-24 00:00:00-05:00,0.03598934966499063,0.048135544754080994,-1,0.0,-0.012146195089090366,-0.0,0.9915022510417076
2022-01-25 00:00:00-05:00,-0.018168221382233198,-0.02081307291629724,0,-1.0,0.002644851534064043,-0.002644851534064043,0.988879874792012
2022-01-26 00:00:00-05:00,-0.04107809838407294,-0.05024602593464106,1,0.0,0.009167927550568118,0.0,0.988879874792012
2022-01-27 00:00:00-05:00,-0.021547060437556043,-0.015361566218126243,0,1.0,-0.0061854942194298,-0.0061854942194298,0.9827631640427755
2022-01-28 00:00:00-05:00,0.02387393754965065,0.018255988590877344,0,0.0,0.005617948958773305,0.0,0.9827631640427755
2022-01-31 00:00:00-05:00,0.03617675840320299,0.028387872202707814,-1,0.0,0.007788886200495174,0.0,0.9827631640427755
2022-02-01 00:00:00-05:00,0.0025744628687752523,-0.004379489323390764,0,-1.0,0.006953952192166017,-0.006953952192166017,0.9759290759838003
2022-02-02 00:00:00-05:00,0.015529861904877826,0.01894364331984935,0,0.0,-0.0034137814149715253,-0.0,0.9759290759838003
2022-02-03 00:00:00-05:00,-0.029829276473926712,-0.027971713033746633,0,0.0,-0.0018575634401800795,-0.0,0.9759290759838003
2022-02-04 00:00:00-05:00,-0.048325744252580155,-0.04894835281118548,1,0.0,0.0006226085586053254,0.0,0.9759290759838003
2022-02-07 00:00:00-05:00,0.015588548569949592,0.018977060694487596,0,1.0,-0.0033885121245380047,-0.0033885121245380047,0.9726221284771399
2022-02-08 00:00:00-05:00,0.017539401893743638,0.018837165614723855,0,0.0,-0.0012977637209802169,-0.0,0.9726221284771399
2022-02-09 00:00:00-05:00,0.021640934232856377,0.026931828852659732,0,0.0,-0.005290894619803355,-0.0,0.9726221284771399
2022-02-10 00:00:00-05:00,-0.0428193693406352,-0.04631233558822744,1,0.0,0.0034929662475922454,0.0,0.9726221284771399
2022-02-11 00:00:00-05:00,-0.009334333843173816,-0.004795123143925096,0,1.0,-0.00453921069924872,-0.00453921069924872,0.9682071917052305
2022-02-14 00:00:00-05:00,-0.01543186442296173,-0.010432255839725485,0,0.0,-0.004999608583236245,-0.0,0.9682071917052305
2022-02-15 00:00:00-05:00,0.022175532042926736,0.014139635306875328,0,0.0,0.008035896736051408,0.0,0.9682071917052305
2022-02-16 00:00:00-05:00,0.008417444225746045,0.0015225100713938623,0,0.0,0.006894934154352182,0.0,0.9682071917052305
2022-02-17 00:00:00-05:00,-0.030350225655340443,-0.02966861358981723,0,0.0,-0.0006816120655232134,-0.0,0.9682071917052305
2022-02-18 00:00:00-05:00,0.008303775976932902,0.0011188668713472368,0,0.0,0.007184909105585665,0.0,0.9682071917052305
2022-02-22 00:00:00-05:00,-0.03711367530434871,-0.03806288907073138,1,0.0,0.00094921376638267,0.0,0.9682071917052305
2022-02-23 00:00:00-05:00,-0.028383979684993364,-0.044657751097317906,1,1.0,0.016273771412324542,0.016273771412324542,0.98396357422281
2022-02-24 00:00:00-05:00,0.05186221153821752,0.06364232511379966,-1,1.0,-0.011780113575582146,-0.011780113575582146,0.9723723715642295
2022-02-25 00:00:00-05:00,0.044087450273849124,0.03461179075127339,-1,-1.0,0.009475659522575737,-0.009475659522575737,0.9631585020421273
2022-02-28 00:00:00-05:00,-0.007233723535072437,-0.01051432206182726,0,-1.0,0.003280598526754823,-0.003280598526754823,0.9599987656792965
2022-03-01 00:00:00-05:00,0.005022248416410153,0.005104871425723051,0,0.0,-8.26230093128981e-05,-0.0,0.9599987656792965
2022-03-02 00:00:00-05:00,0.020184202995831388,0.018751672452871383,0,0.0,0.0014325305429600046,0.0,0.9599987656792965
2022-03-03 00:00:00-05:00,-0.01229238320788019,-0.023745205325708216,0,0.0,0.011452822117828027,0.0,0.9599987656792965
2022-03-04 00:00:00-05:00,-0.01291406820436123,-0.00837858002581443,0,0.0,-0.0045354881785468,-0.0,0.9599987656792965
2022-03-07 00:00:00-05:00,-0.06419527858280809,-0.06823990229239889,1,0.0,0.0040446237095908,0.0,0.9599987656792965
2022-03-08 00:00:00-05:00,0.0033656238234004107,0.0058679028627160006,0,1.0,-0.00250227903931559,-0.00250227903931559,0.9575965808901684
2022-03-09 00:00:00-05:00,0.028098307594300945,0.04380268024611076,-1,0.0,-0.015704372651809816,-0.0,0.9575965808901684
2022-03-10 00:00:00-05:00,-0.003029298342899269,0.006720249702352326,0,-1.0,-0.009749548045251594,0.009749548045251594,0.9669327147635258
2022-03-11 00:00:00-05:00,-0.017630327229435784,-0.017405771423984487,0,0.0,-0.00022455580545129722,-0.0,0.9669327147635258
2022-03-14 00:00:00-04:00,-0.04522697844570804,-0.03802461648063308,1,0.0,-0.007202361965074962,-0.0,0.9669327147635258
2022-03-15 00:00:00-04:00,0.038410206383931764,0.03455323064527811,-1,1.0,0.0038569757386536507,0.0038569757386536507,0.9706621507852793
2022-03-16 00:00:00-04:00,0.01640508494387659,0.02563368265467221,0,-1.0,-0.009228597710795622,0.009228597710795622,0.9796200012879722
2022-03-17 00:00:00-04:00,0.01770385075145236,0.008773903556391014,0,0.0,0.008929947195061344,0.0,0.9796200012879722
2022-03-18 00:00:00-04:00,0.030072049185308883,0.03575156482972393,-1,0.0,-0.005679515644415045,-0.0,0.9796200012879722
2022-03-21 00:00:00-04:00,-0.03344294568770073,-0.047807373223031586,1,-1.0,0.014364427535330855,-0.014364427535330855,0.9655483207673105
2022-03-22 00:00:00-04:00,-0.0015692190510646412,0.0012460596710393978,0,1.0,-0.002815278722104039,-0.002815278722104039,0.962830033124691
2022-03-23 00:00:00-04:00,-0.052699252197647053,-0.03995903006812644,1,0.0,-0.012740222129520612,-0.0,0.962830033124691
2022-03-24 00:00:00-04:00,0.0036856541904972803,-0.011733602497126011,0,1.0,0.015419256687623291,0.015419256687623291,0.9776761565519934
2022-03-25 00:00:00-04:00,-0.013666484641513283,-0.013200614042274345,0,0.0,-0.00046587059923893816,-0.0,0.9776761565519934
2022-03-28 00:00:00-04:00,0.006537181504928289,-0.003266963607586207,0,0.0,0.009804145112514496,0.0,0.9776761565519934
2022-03-29 00:00:00-04:00,0.0319363636853257,0.03839986993800492,-1,0.0,-0.006463506252679219,-0.0,0.9776761565519934
2022-03-30 00:00:00-04:00,-0.024046276807871164,-0.018718505940077724,0,-1.0,-0.00532777086779344,0.00532777086779344,0.9828849910970073
2022-03-31 00:00:00-04:00,-0.05712096788923763,-0.036055218575329735,1,0.0,-0.021065749313907894,-0.0,0.9828849910970073
2022-04-01 00:00:00-04:00,0.022165641246039567,0.014189901713962078,0,1.0,0.007975739532077489,0.007975739532077489,0.9907242257759853
2022-04-04 00:00:00-04:00,0.006281029468720243,-0.00024294526332294705,0,0.0,0.00652397473204319,0.0,0.9907242257759853
2022-04-05 00:00:00-04:00,-0.03463953002815189,-0.04269168314073624,1,0.0,0.008052153112584351,0.0,0.9907242257759853
2022-04-06 00:00:00-04:00,-0.04023141720406926,-0.044330862512160174,1,1.0,0.004099445308090914,0.004099445308090914,0.9947856455549546
2022-04-07 00:00:00-04:00,-0.01045795939879428,-0.01039160706888924,0,1.0,-6.635232990503948e-05,-6.635232990503948e-05,0.9947196392096159
2022-04-08 00:00:00-04:00,0.006231512415844478,0.0033423478792235046,0,0.0,0.002889164536620973,0.0,0.9947196392096159
2022-04-11 00:00:00-04:00,0.01874180247657123,0.018514203884726858,0,0.0,0.00022759859184437112,0.0,0.9947196392096159
2022-04-12 00:00:00-04:00,-0.007091684131346693,0.0024865416375863506,0,0.0,-0.009578225768933043,-0.0,0.9947196392096159
2022-04-13 00:00:00-04:00,0.033482738866618275,0.018902604286591712,0,0.0,0.014580134580026563,0.0,0.9947196392096159
2022-04-14 00:00:00-04:00,-0.02169116079969177,-0.015510243361488962,0,0.0,-0.006180917438202807,-0.0,0.9947196392096159
2022-04-18 00:00:00-04:00,-0.016127109581937155,-0.009817530482857368,0,0.0,-0.006309579099079787,-0.0,0.9947196392096159
2022-04-19 00:00:00-04:00,0.03808801244985882,0.04538925634407711,-1,0.0,-0.007301243894218289,-0.0,0.9947196392096159
2022-04-20 00:00:00-04:00,0.006321041620498563,0.003263236117574656,0,-1.0,0.0030578055029239068,-0.0030578055029239068,0.9916779800229742
2022-04-21 00:00:00-04:00,-0.017991432396114025,-0.009947959959786914,0,0.0,-0.008043472436327111,-0.0,0.9916779800229742
2022-04-22 00:00:00-04:00,-0.02641762167424344,-0.026155185848832443,0,0.0,-0.00026243582541099833,-0.0,0.9916779800229742
2022-04-25 00:00:00-04:00,0.03903217461228292,0.03346832538348864,-1,0.0,0.005563849228794285,0.0,0.9916779800229742
2022-04-26 00:00:00-04:00,-0.02705101725475243,-0.03035570268388336,0,-1.0,0.0033046854291309304,-0.0033046854291309304,0.9884007962520023
2022-04-27 00:00:00-04:00,-0.029798230544592266,-0.01869206819771767,0,0.0,-0.011106162346874594,-0.0,0.9884007962520023
2022-04-28 00:00:00-04:00,0.03875960991372724,0.03627821266877447,-1,0.0,0.0024813972449527696,0.0,0.9884007962520023
2022-04-29 00:00:00-04:00,-0.04591898971127353,-0.02708447748569589,1,-1.0,-0.018834512225577645,0.018834512225577645,1.0070168431327815
2022-05-02 00:00:00-04:00,0.016673004489995726,0.018009017389535118,0,1.0,-0.001336012899539392,-0.001336012899539392,1.0056714556403026
2022-05-03 00:00:00-04:00,0.01347585263562646,0.016680943594099204,0,0.0,-0.0032050909584727446,-0.0,1.0056714556403026
2022-05-04 00:00:00-04:00,0.05228962918518853,0.0521580587652606,-1,0.0,0.00013157041992793023,0.0,1.0056714556403026
2022-05-05 00:00:00-04:00,-0.060269058924270244,-0.057095109768056033,1,-1.0,-0.0031739491562142105,0.0031739491562142105,1.0088634057083607
2022-05-06 00:00:00-04:00,-0.0128420361417429,-0.0033049268030948846,0,1.0,-0.009537109338648014,-0.009537109338648014,0.9992417651003592
2022-05-09 00:00:00-04:00,-0.0012862193062105653,-0.016172771917432122,0,0.0,0.014886552611221557,0.0,0.9992417651003592
2022-05-10 00:00:00-04:00,-0.02490333898962401,-0.01986473454609191,0,0.0,-0.0050386044435320985,-0.0,0.9992417651003592
2022-05-11 00:00:00-04:00,-0.050360342776066505,-0.06067415276732582,1,0.0,0.010313809991259318,0.0,0.9992417651003592
2022-05-12 00:00:00-04:00,0.04078483709434747,0.04215617196882756,-1,1.0,-0.0013713348744800874,-0.0013713348744800874,0.9978714700198401
2022-05-13 00:00:00-04:00,0.014255826314390008,0.03163113538492125,0,-1.0,-0.017375309070531246,0.017375309070531246,1.0152097952241002
2022-05-16 00:00:00-04:00,-0.0023373646784660335,-0.01800899318956585,0,0.0,0.015671628511099815,0.0,1.0152097952241002
2022-05-17 00:00:00-04:00,0.030110708739549418,0.027861338912443297,0,0.0,0.0022493698271061208,0.0,1.0152097952241002
2022-05-18 00:00:00-04:00,-0.06979390772647329,-0.0683296929396786,1,0.0,-0.0014642147867946903,-0.0,1.0152097952241002
2022-05-19 00:00:00-04:00,0.012251609565477413,0.003722206633831459,0,1.0,0.008529402931645953,0.008529402931645953,1.0238689286277203
2022-05-20 00:00:00-04:00,0.032974007445543574,0.02406498326015454,0,0.0,0.008909024185389035,0.0,1.0238689286277203
2022-05-23 00:00:00-04:00,-0.019238371688016502,-0.0039034338781035005,0,0.0,-0.015334937809913001,-0.0,1.0238689286277203
2022-05-24 00:00:00-04:00,-0.027205580664496364,-0.0295628457837292,0,0.0,0.002357265119232836,0.0,1.0238689286277203
2022-05-25 00:00:00-04:00,0.050073772581332616,0.05064723144128399,-1,0.0,-0.0005734588599513729,-0.0,1.0238689286277203
2022-05-26 00:00:00-04:00,0.054433180073109155,0.041133499856379575,-1,-1.0,0.01329968021672958,-0.01329968021672958,1.0102517992931261
2022-05-27 00:00:00-04:00,0.026010851580806692,0.028237710475707018,0,-1.0,-0.0022268588949003257,0.0022268588949003257,1.0125014874984712
2022-05-31 00:00:00-04:00,0.00493554130552554,-0.011398932552334616,0,0.0,0.016334473857860157,0.0,1.0125014874984712
2022-06-01 00:00:00-04:00,-0.0010651073858499163,-0.007755767512571102,0,0.0,0.006690660126721186,0.0,1.0125014874984712
2022-06-02 00:00:00-04:00,0.01598974606657547,0.00650903133833727,0,0.0,0.0094807147282382,0.0,1.0125014874984712
2022-06-03 00:00:00-04:00,-0.003677295035595085,0.0004988208630200682,0,0.0,-0.004176115898615154,-0.0,1.0125014874984712
2022-06-06 00:00:00-04:00,-0.005277174169067689,0.010790798819756656,0,0.0,-0.016067972988824345,-0.0,1.0125014874984712
2022-06-07 00:00:00-04:00,-0.0014559987410991625,0.0018489001876770303,0,0.0,-0.003304898928776193,-0.0,1.0125014874984712
2022-06-08 00:00:00-04:00,-0.03354077438296329,-0.025820094978634814,0,0.0,-0.007720679404328475,-0.0,1.0125014874984712
2022-06-09 00:00:00-04:00,0.0061453566149247225,-0.0058294288300071335,0,0.0,0.011974785444931857,0.0,1.0125014874984712
2022-06-10 00:00:00-04:00,-0.04255355835102282,-0.055261275078159644,1,0.0,0.012707716727136824,0.0,1.0125014874984712
2022-06-13 00:00:00-04:00,-0.0568495094605331,-0.061489604135063484,1,1.0,0.004640094674530387,0.004640094674530387,1.017199590258567
2022-06-14 00:00:00-04:00,-0.011798537642919403,-0.012504649995309206,0,1.0,0.0007061123523898032,0.0007061123523898032,1.0179178474540944
2022-06-15 00:00:00-04:00,-0.004269552091284458,-0.002461831610561645,0,0.0,-0.0018077204807228128,-0.0,1.0179178474540944
2022-06-16 00:00:00-04:00,-0.06535379938255553,-0.06716148111354106,1,0.0,0.0018076817309855275,0.0,1.0179178474540944
2022-06-17 00:00:00-04:00,-0.01214516743402706,0.002168569896206305,0,1.0,-0.014313737330233365,-0.014313737330233365,1.00334763876188
2022-06-21 00:00:00-04:00,0.012145167434026995,0.015658811523153907,0,0.0,-0.0035136440891269122,-0.0,1.00334763876188
2022-06-22 00:00:00-04:00,0.044352355056785496,0.030157763674940583,-1,0.0,0.014194591381844913,0.0,1.00334763876188
2022-06-23 00:00:00-04:00,0.05051284502396209,0.04409181956463066,-1,-1.0,0.006421025459331431,-0.006421025459331431,0.99690511802883
2022-06-24 00:00:00-04:00,0.004293436830353324,0.01710634267163055,0,-1.0,-0.012812905841277226,0.012812905841277226,1.0096783694388207
2022-06-27 00:00:00-04:00,0.004127925375879925,0.0008337654934589742,0,0.0,0.00329415988242095,0.0,1.0096783694388207
2022-06-28 00:00:00-04:00,-0.03123189047031413,-0.03175312864001386,0,0.0,0.0005212381696997302,0.0,1.0096783694388207
2022-06-29 00:00:00-04:00,0.0019716883847565405,-0.001434988148733124,0,0.0,0.0034066765334896647,0.0,1.0096783694388207
2022-06-30 00:00:00-04:00,0.0027231257516874595,0.013266088312124277,0,0.0,-0.010542962560436818,-0.0,1.0096783694388207
2022-07-01 00:00:00-04:00,0.057250796797869936,0.055535303440585854,-1,0.0,0.0017154933572840828,0.0,1.0096783694388207
2022-07-05 00:00:00-04:00,0.033806447925221216,0.03671717614964108,-1,-1.0,-0.002910728224419866,0.002910728224419866,1.0126172687663324
2022-07-06 00:00:00-04:00,-0.0063650849122393535,-0.005011771431751888,0,-1.0,-0.0013533134804874659,0.0013533134804874659,1.0139876573667284
2022-07-07 00:00:00-04:00,0.010356994775760279,0.013866704971108288,0,0.0,-0.0035097101953480096,-0.0,1.0139876573667284
2022-07-08 00:00:00-04:00,0.007800412543222813,0.008841093845736293,0,0.0,-0.0010406813025134803,-0.0,1.0139876573667284
2022-07-11 00:00:00-04:00,-0.0012277302634468691,0.003946866602859643,0,0.0,-0.005174596866306512,-0.0,1.0139876573667284
2022-07-12 00:00:00-04:00,0.015304878591618049,-0.005223247784656836,0,0.0,0.020528126376274887,0.0,1.0139876573667284
2022-07-13 00:00:00-04:00,-0.0086393836679883,0.006492882197646704,0,0.0,-0.015132265865635004,-0.0,1.0139876573667284
2022-07-14 00:00:00-04:00,-0.015300990908718318,-0.016118851720951694,0,0.0,0.0008178608122333762,0.0,1.0139876573667284
2022-07-15 00:00:00-04:00,0.011225201369789379,0.007067899541761576,0,0.0,0.004157301828027803,0.0,1.0139876573667284
2022-07-18 00:00:00-04:00,-0.012189284272467097,-0.010685483813274707,0,0.0,-0.0015038004591923903,-0.0,1.0139876573667284
2022-07-19 00:00:00-04:00,0.023290301093580643,0.02669201691200134,0,0.0,-0.003401715818420699,-0.0,1.0139876573667284
2022-07-20 00:00:00-04:00,-0.016287151581417858,-0.0022711220463938475,0,0.0,-0.01401602953502401,-0.0,1.0139876573667284
2022-07-21 00:00:00-04:00,0.036939158543421,0.03609702245068833,-1,0.0,0.000842136092732669,0.0,1.0139876573667284
2022-07-22 00:00:00-04:00,0.02036368434063511,0.012109677270724227,0,-1.0,0.008254007069910883,-0.008254007069910883,1.005618196074021
2022-07-25 00:00:00-04:00,-0.02658112835338902,-0.01785226710615829,0,0.0,-0.00872886124723073,-0.0,1.005618196074021
2022-07-26 00:00:00-04:00,-0.0017264298741432775,-0.0070090505585820645,0,0.0,0.005282620684438787,0.0,1.005618196074021
2022-07-27 00:00:00-04:00,0.03423382244763252,0.03086155712928848,0,0.0,0.003372265318344038,0.0,1.005618196074021
2022-07-28 00:00:00-04:00,0.005891250077149696,0.019197193328626044,0,0.0,-0.013305943251476347,-0.0,1.005618196074021
2022-07-29 00:00:00-04:00,-0.0035819001398142104,-0.0023501700547558227,0,0.0,-0.0012317300850583877,-0.0,1.005618196074021
2022-08-01 00:00:00-04:00,0.002559894709725051,0.0027021915063536557,0,0.0,-0.00014229679662860475,-0.0,1.005618196074021
2022-08-02 00:00:00-04:00,-0.0534279662694946,-0.03863418466488595,1,0.0,-0.014793781604608654,-0.0,1.005618196074021
2022-08-03 00:00:00-04:00,0.003847210228278233,0.00680597516002799,0,1.0,-0.002958764931749757,-0.002958764931749757,1.0026428082207477
2022-08-04 00:00:00-04:00,0.03286787942885981,0.03382075408742611,0,0.0,-0.0009528746585662981,-0.0,1.0026428082207477
2022-08-05 00:00:00-04:00,-0.004573747676483384,-0.00787637520514273,0,0.0,0.003302627528659347,0.0,1.0026428082207477
2022-08-08 00:00:00-04:00,0.011848529032093186,0.02263815362041016,0,0.0,-0.010789624588316973,-0.0,1.0026428082207477
2022-08-09 00:00:00-04:00,-0.0307557140724189,-0.028081880754909673,0,0.0,-0.0026738333175092277,-0.0,1.0026428082207477
2022-08-10 00:00:00-04:00,0.04565811550147635,0.03509538848782676,-1,0.0,0.01056272701364959,0.0,1.0026428082207477
2022-08-11 00:00:00-04:00,0.0035643732814713436,0.005484476029558539,0,-1.0,-0.0019201027480871954,0.0019201027480871954,1.0045679854321623
2022-08-12 00:00:00-04:00,0.012877295144826622,0.005794547036511191,0,0.0,0.00708274810831543,0.0,1.0045679854321623
2022-08-15 00:00:00-04:00,-0.011353871217174648,-0.0021548998134007387,0,0.0,-0.009198971403773909,-0.0,1.0045679854321623
2022-08-16 00:00:00-04:00,-0.0026677161598413334,-0.00011353017176417173,0,0.0,-0.002554185988077162,-0.0,1.0045679854321623
2022-08-17 00:00:00-04:00,-0.02707737802949745,-0.021345651665414404,0,0.0,-0.0057317263640830445,-0.0,1.0045679854321623
2022-08-18 00:00:00-04:00,0.004173550977997544,-0.006517065639259219,0,0.0,0.010690616617256763,0.0,1.0045679854321623
2022-08-19 00:00:00-04:00,-0.033753232034161404,-0.021359024538573333,0,0.0,-0.012394207495588071,-0.0,1.0045679854321623
2022-08-22 00:00:00-04:00,-0.021500549093841706,-0.01914678236867136,0,0.0,-0.0023537667251703476,-0.0,1.0045679854321623
2022-08-23 00:00:00-04:00,0.0021984165063107766,-0.001703631154608472,0,0.0,0.0039020476609192487,0.0,1.0045679854321623
2022-08-24 00:00:00-04:00,0.024672527006718965,0.020373240060721106,0,0.0,0.004299286945997859,0.0,1.0045679854321623
2022-08-25 00:00:00-04:00,0.025515355077287017,0.013041140472759012,0,0.0,0.012474214604528005,0.0,1.0045679854321623
2022-08-26 00:00:00-04:00,-0.05087431441402048,-0.05533109486053915,1,0.0,0.00445678044651867,0.0,1.0045679854321623
2022-08-29 00:00:00-04:00,-0.008829007559703022,-0.005367151344849367,0,1.0,-0.003461856214853655,-0.003461856214853655,1.001090315508551
2022-08-30 00:00:00-04:00,-0.003330820051623955,-0.012341254710225123,0,0.0,0.009010434658601168,0.0,1.001090315508551
2022-08-31 00:00:00-04:00,-0.010903255415727666,-0.01880198466321894,0,0.0,0.007898729247491272,0.0,1.001090315508551
2022-09-01 00:00:00-04:00,0.0025265729021251276,0.0005162859946651133,0,0.0,0.0020102869074600143,0.0,1.001090315508551
2022-09-02 00:00:00-04:00,0.0007007797627834189,0.004891879195288633,0,0.0,-0.004191099432505214,-0.0,1.001090315508551
2022-09-06 00:00:00-04:00,-0.019665262651429517,-0.017227308663035745,0,0.0,-0.0024379539883937727,-0.0,1.001090315508551
2022-09-07 00:00:00-04:00,0.01559437191907655,0.017612459945975267,0,0.0,-0.002018088026898717,-0.0,1.001090315508551
2022-09-08 00:00:00-04:00,0.013691137986283191,0.006525487127022806,0,0.0,0.007165650859260385,0.0,1.001090315508551
2022-09-09 00:00:00-04:00,0.017332113776404548,0.017822565471885904,0,0.0,-0.0004904516954813559,-0.0,1.001090315508551
2022-09-12 00:00:00-04:00,0.009905443696517007,0.009848691565213478,0,0.0,5.6752131303529005e-05,0.0,1.001090315508551
2022-09-13 00:00:00-04:00,-0.06758559522151282,-0.08245430369625054,1,0.0,0.014868708474737716,0.0,1.001090315508551
2022-09-14 00:00:00-04:00,-0.003183233786554574,-0.01069961243971816,0,1.0,0.007516378653163586,0.007516378653163586,1.0086148893859284
2022-09-15 00:00:00-04:00,0.008945415196342883,0.005160956926130933,0,0.0,0.00378445827021195,0.0,1.0086148893859284
2022-09-16 00:00:00-04:00,0.021316686482008858,0.0263365052200789,0,0.0,-0.005019818738070041,-0.0,1.0086148893859284
2022-09-19 00:00:00-04:00,0.02732281214961626,0.03475004935202426,0,0.0,-0.007427237202408003,-0.0,1.0086148893859284
2022-09-20 00:00:00-04:00,-0.01599798679593333,-0.020470570108887254,0,0.0,0.004472583312953925,0.0,1.0086148893859284
2022-09-21 00:00:00-04:00,-0.008236443343540265,-0.012565614088170229,0,0.0,0.004329170744629964,0.0,1.0086148893859284
2022-09-22 00:00:00-04:00,-0.005481634846579761,0.019694181898777325,0,0.0,-0.025175816745357085,-0.0,1.0086148893859284
2022-09-23 00:00:00-04:00,0.00660251169081428,-0.00466002220738213,0,0.0,0.011262533898196411,0.0,1.0086148893859284
2022-09-26 00:00:00-04:00,-0.04554712353177393,-0.04471140168374196,1,0.0,-0.0008357218480319756,-0.0,1.0086148893859284
2022-09-27 00:00:00-04:00,-0.01060709941422463,-0.0031257059245923926,0,1.0,-0.007481393489632238,-0.007481393489632238,1.0010690445189303
2022-09-28 00:00:00-04:00,0.05489310693170185,0.05314261235386561,-1,0.0,0.0017504945778362424,0.0,1.0010690445189303
2022-09-29 00:00:00-04:00,-0.042528930197180355,-0.03293169342073401,1,-1.0,-0.009597236776446347,0.009597236776446347,1.0106765411687493
2022-09-30 00:00:00-04:00,-0.014884844501864475,-0.005618060532420329,0,1.0,-0.009266783969444145,-0.009266783969444145,1.0013108199987535
2022-10-03 00:00:00-04:00,0.049107980459871865,0.04728812208091057,-1,0.0,0.0018198583789612935,0.0,1.0013108199987535
2022-10-04 00:00:00-04:00,0.04221227347148017,0.03457925942481758,-1,-1.0,0.007633014046662591,-0.007633014046662591,0.9936678004446278
2022-10-05 00:00:00-04:00,-0.013369969107377602,-0.01318755067584441,0,-1.0,-0.00018241843153319302,0.00018241843153319302,0.9938490637662498
2022-10-06 00:00:00-04:00,0.013505533287325124,0.0038749404641923242,0,0.0,0.0096305928231328,0.0,0.9938490637662498
2022-10-07 00:00:00-04:00,-0.025943339888628913,-0.025906616473926777,0,0.0,-3.672341470213614e-05,-0.0,0.9938490637662498
2022-10-10 00:00:00-04:00,0.004163220321227506,0.0008956962855824629,0,0.0,0.0032675240356450433,0.0,0.9938490637662498
2022-10-11 00:00:00-04:00,0.006762602103779742,-0.0002557290248214261,0,0.0,0.007018331128601168,0.0,0.9938490637662498
2022-10-12 00:00:00-04:00,-0.020146488183567034,-0.02133674856775344,0,0.0,0.001190260384186407,0.0,0.9938490637662498
2022-10-13 00:00:00-04:00,-0.008456635083991597,-0.005110403843646869,0,0.0,-0.0033462312403447284,-0.0,0.9938490637662498
2022-10-14 00:00:00-04:00,-0.028717212171532835,-0.03556993600206149,0,0.0,0.006852723830528658,0.0,0.9938490637662498
2022-10-17 00:00:00-04:00,0.019045529426415696,0.013923880206041237,0,0.0,0.005121649220374459,0.0,0.9938490637662498
2022-10-18 00:00:00-04:00,0.03358717001101071,0.0314507192314736,0,0.0,0.0021364507795371135,0.0,0.9938490637662498
2022-10-19 00:00:00-04:00,-0.06523884925803225,-0.06142981596081809,1,0.0,-0.0038090332972141594,-0.0,0.9938490637662498
2022-10-20 00:00:00-04:00,-0.009635031310125832,-0.012668038102298817,0,1.0,0.0030330067921729847,0.0030330067921729847,0.9968634147270475
2022-10-21 00:00:00-04:00,0.03813753890490383,0.028314928580789867,-1,0.0,0.009822610324113964,0.0,0.9968634147270475
2022-10-24 00:00:00-04:00,0.020154046885492993,0.01366059074545143,0,-1.0,0.006493456140041563,-0.006493456140041563,0.9903903258659054
2022-10-25 00:00:00-04:00,0.05786864529531754,0.05437825316902445,-1,0.0,0.003490392126293089,0.0,0.9903903258659054
2022-10-26 00:00:00-04:00,-0.0013270735727924422,0.0024144903852220748,0,-1.0,-0.003741563958014517,0.003741563958014517,0.9940959346135315
2022-10-27 00:00:00-04:00,0.006221348540030872,0.008467669562529848,0,0.0,-0.0022463210224989757,-0.0,0.9940959346135315
2022-10-28 00:00:00-04:00,0.028618100458098886,0.03195330108554909,0,0.0,-0.0033352006274502063,-0.0,0.9940959346135315
2022-10-31 00:00:00-04:00,-0.014206679263139892,-0.016468364621948978,0,0.0,0.002261685358809086,0.0,0.9940959346135315
2022-11-01 00:00:00-04:00,0.00635342163032634,0.011335797353642521,0,0.0,-0.004982375723316181,-0.0,0.9940959346135315
2022-11-02 00:00:00-04:00,-0.0288470163520349,-0.02004791018422912,0,0.0,-0.00879910616780578,-0.0,0.9940959346135315
2022-11-03 00:00:00-04:00,-0.0206996478712558,-0.01257874423532894,0,0.0,-0.008120903635926862,-0.0,0.9940959346135315
2022-11-04 00:00:00-04:00,0.02083282769714747,0.007691927790748503,0,0.0,0.013140899906398967,0.0,0.9940959346135315
2022-11-07 00:00:00-05:00,-0.0006654509368673843,-0.004532326614106096,0,0.0,0.0038668756772387122,0.0,0.9940959346135315
2022-11-08 00:00:00-05:00,-0.0252049252191641,-0.018851622034933534,0,0.0,-0.006353303184230566,-0.0,0.9940959346135315
2022-11-09 00:00:00-05:00,0.029322686866854544,0.009724975263144843,0,0.0,0.0195977116037097,0.0,0.9940959346135315
2022-11-10 00:00:00-05:00,0.10652638258473848,0.1183912017168815,-1,0.0,-0.011864819132143017,-0.0,0.9940959346135315
2022-11-11 00:00:00-05:00,0.011845537712314296,-0.0041943185003714654,0,-1.0,0.016039856212685763,-0.016039856212685763,0.978150778760715
2022-11-14 00:00:00-05:00,-0.04122916953241006,-0.026358131841821075,1,0.0,-0.014871037690588982,-0.0,0.978150778760715
2022-11-15 00:00:00-05:00,0.0323581968960576,0.02317232025444023,0,1.0,0.009185876641617373,0.009185876641617373,0.9871359511513128
2022-11-16 00:00:00-05:00,-0.012553317052578027,-0.01492569682506289,0,0.0,0.0023723797724848634,0.0,0.9871359511513128
2022-11-17 00:00:00-05:00,-0.018578482609484658,-0.015856587796248052,0,0.0,-0.0027218948132366055,-0.0,0.9871359511513128
2022-11-18 00:00:00-05:00,-0.0024543966172290497,-0.004475771913471458,0,0.0,0.0020213752962424084,0.0,0.9871359511513128
2022-11-21 00:00:00-05:00,-0.009381667014640408,-0.015105923656434674,0,0.0,0.005724256641794266,0.0,0.9871359511513128
2022-11-22 00:00:00-05:00,0.024865173953824687,0.01993407803475655,0,0.0,0.0049310959190681375,0.0,0.9871359511513128
2022-11-23 00:00:00-05:00,0.022015630663347906,0.015620047882994707,0,0.0,0.006395582780353199,0.0,0.9871359511513128
2022-11-25 00:00:00-05:00,-0.007245101823102931,-0.0009259124932357721,0,0.0,-0.006319189329867159,-0.0,0.9871359511513128
2022-11-28 00:00:00-05:00,-0.006937950486188539,-0.01199565418920246,0,0.0,0.005057703703013922,0.0,0.9871359511513128
2022-11-29 00:00:00-05:00,0.010864112537089821,0.012227421014110826,0,0.0,-0.0013633084770210049,-0.0,0.9871359511513128
2022-11-30 00:00:00-05:00,0.020914776045796564,0.016415280958715722,0,0.0,0.004499495087080842,0.0,0.9871359511513128
2022-12-01 00:00:00-05:00,0.01101774909474723,0.0037502695021439927,0,0.0,0.007267479592603237,0.0,0.9871359511513128
2022-12-02 00:00:00-05:00,-0.004276812249154927,0.0015866304266332369,0,0.0,-0.005863442675788164,-0.0,0.9871359511513128
2022-12-05 00:00:00-05:00,-0.01882548113937817,-0.010817084305025296,0,0.0,-0.008008396834352874,-0.0,0.9871359511513128
2022-12-06 00:00:00-05:00,-0.009606673015840913,-0.016739203911811423,0,0.0,0.007132530895970509,0.0,0.9871359511513128
2022-12-07 00:00:00-05:00,0.02773702235766956,0.03545261670585317,-1,0.0,-0.007715594348183606,-0.0,0.9871359511513128
2022-12-08 00:00:00-05:00,-0.003949051734795183,0.004819785097951181,0,-1.0,-0.008768836832746364,0.008768836832746364,0.9957919852386965
2022-12-09 00:00:00-05:00,-0.0068897570522969175,-0.010453675939064395,0,0.0,0.0035639188867674773,0.0,0.9957919852386965
2022-12-12 00:00:00-05:00,0.010027119879417868,0.005633890841113192,0,0.0,0.004393229038304676,0.0,0.9957919852386965
2022-12-13 00:00:00-05:00,0.012565590558535221,0.017707417142910003,0,0.0,-0.005141826584374782,-0.0,0.9957919852386965
2022-12-14 00:00:00-05:00,0.001259429622481385,0.002535836097314188,0,0.0,-0.001276406474832803,-0.0,0.9957919852386965
2022-12-15 00:00:00-05:00,0.03430193604704294,0.037495523215969925,-1,0.0,-0.003193587168926988,-0.0,0.9957919852386965
2022-12-16 00:00:00-05:00,-0.011900257224679607,-0.02241503492760237,0,-1.0,0.010514777702922763,-0.010514777702922763,0.9853214538755595
2022-12-19 00:00:00-05:00,-0.01453793466162199,-0.02303980638948294,0,0.0,0.008501871727860948,0.0,0.9853214538755595
2022-12-20 00:00:00-05:00,-0.005007273162110369,-0.01228393513910879,0,0.0,0.007276661976998421,0.0,0.9853214538755595
2022-12-21 00:00:00-05:00,0.0236762918815627,0.017486724500056207,0,0.0,0.006189567381506493,0.0,0.9853214538755595
2022-12-22 00:00:00-05:00,0.006662992318878627,0.005175948255312488,0,0.0,0.0014870440635661392,0.0,0.9853214538755595
2022-12-23 00:00:00-05:00,-0.01303419238140493,-0.004624087260120754,0,0.0,-0.008410105121284176,-0.0,0.9853214538755595
2022-12-27 00:00:00-05:00,0.0010087782414161545,0.0008824328116902023,0,0.0,0.00012634542972595223,0.0,0.9853214538755595
2022-12-28 00:00:00-05:00,-0.016945866841616527,-0.0245549091480513,0,0.0,0.007609042306434773,0.0,0.9853214538755595
2022-12-29 00:00:00-05:00,0.018400905506539868,0.0242241211736853,0,0.0,-0.005823215667145432,-0.0,0.9853214538755595
2022-12-30 00:00:00-05:00,-0.0029124604374117266,-0.0018768000095394396,0,0.0,-0.001035660427872287,-0.0,0.9853214538755595
2023-01-03 00:00:00-05:00,0.017128633034581987,0.016221367411501444,0,0.0,0.0009072656230805429,0.0,0.9853214538755595
2023-01-04 00:00:00-05:00,0.010531053264786065,0.017566145238356604,0,0.0,-0.007035091973570539,-0.0,0.9853214538755595
2023-01-05 00:00:00-05:00,0.007284410263529819,0.0018144181514107235,0,0.0,0.005469992112119096,0.0,0.9853214538755595
2023-01-06 00:00:00-05:00,0.013664339346920266,0.019848578954082013,0,0.0,-0.006184239607161747,-0.0,0.9853214538755595
2023-01-09 00:00:00-05:00,-0.008693415719648784,-0.003875461879847863,0,0.0,-0.004817953839800921,-0.0,0.9853214538755595
2023-01-10 00:00:00-05:00,0.008693415719648798,0.01334331985210581,0,0.0,-0.004649904132457012,-0.0,0.9853214538755595
2023-01-11 00:00:00-05:00,0.021565393024866285,0.02060035847693843,0,0.0,0.0009650345479278559,0.0,0.9853214538755595
2023-01-12 00:00:00-05:00,-0.0003139015603689291,0.005765298247447456,0,0.0,-0.006079199807816385,-0.0,0.9853214538755595
2023-01-13 00:00:00-05:00,-0.006612329365261172,-0.0033337262118298965,0,0.0,-0.0032786031534312757,-0.0,0.9853214538755595
2023-01-17 00:00:00-05:00,0.004203481860989204,-0.000404905622081308,0,0.0,0.004608387483070512,0.0,0.9853214538755595
2023-01-18 00:00:00-05:00,-0.006839690004493856,-0.012427608675527948,0,0.0,0.005587918671034092,0.0,0.9853214538755595
2023-01-19 00:00:00-05:00,-0.028813549749432392,-0.019249248722697884,0,0.0,-0.009564301026734508,-0.0,0.9853214538755595
2023-01-20 00:00:00-05:00,0.026381962657682438,0.010291662643424525,0,0.0,0.016090300014257913,0.0,0.9853214538755595
2023-01-23 00:00:00-05:00,0.012621288917851576,0.008650061264517903,0,0.0,0.003971227653333673,0.0,0.9853214538755595
2023-01-24 00:00:00-05:00,0.013701806668604587,0.015868407969955183,0,0.0,-0.002166601301350596,-0.0,0.9853214538755595
2023-01-25 00:00:00-05:00,-0.015794350806468672,-0.00050467723813295,0,0.0,-0.015289673568335722,-0.0,0.9853214538755595
2023-01-26 00:00:00-05:00,0.013833433811850303,0.013639902871242365,0,0.0,0.0001935309406079378,0.0,0.9853214538755595
2023-01-27 00:00:00-05:00,-0.003000032633399067,0.005881454463222114,0,0.0,-0.00888148709662118,-0.0,0.9853214538755595
2023-01-30 00:00:00-05:00,-0.01766430173387506,-0.013912060942540515,0,0.0,-0.003752240791334547,-0.0,0.9853214538755595
2023-01-31 00:00:00-05:00,0.03989769499304114,0.031547190394723486,-1,0.0,0.008350504598317654,0.0,0.9853214538755595
2023-02-01 00:00:00-05:00,0.01218612874299285,0.02211690226639855,0,-1.0,-0.0099307735234057,0.0099307735234057,0.9951064580817506
2023-02-02 00:00:00-05:00,0.029976631387544188,0.031868024229343386,0,0.0,-0.0018913928417991985,-0.0,0.9951064580817506
2023-02-03 00:00:00-05:00,-0.03429035992560169,-0.03072253535518632,0,0.0,-0.003567824570415372,-0.0,0.9951064580817506
2023-02-06 00:00:00-05:00,-0.010536766274526753,-0.020045011218651158,0,0.0,0.009508244944124404,0.0,0.9951064580817506
2023-02-07 00:00:00-05:00,0.012852309028910843,0.007660755185099744,0,0.0,0.0051915538438111,0.0,0.9951064580817506
2023-02-08 00:00:00-05:00,-0.02072611985216259,-0.02632889655301735,0,0.0,0.00560277670085476,0.0,0.9951064580817506
2023-02-09 00:00:00-05:00,0.0030750128143596928,0.00039659541652088627,0,0.0,0.0026784173978388064,0.0,0.9951064580817506
2023-02-10 00:00:00-05:00,0.008965938118157948,0.01015937478896296,0,0.0,-0.0011934366708050113,-0.0,0.9951064580817506
2023-02-13 00:00:00-05:00,0.019386854915810686,0.02567351496800757,0,0.0,-0.006286660052196885,-0.0,0.9951064580817506
2023-02-14 00:00:00-05:00,-0.013521191498135882,-0.004601672467589339,0,0.0,-0.008919519030546542,-0.0,0.9951064580817506
2023-02-15 00:00:00-05:00,0.0007056808858440826,-0.005492156498436089,0,0.0,0.006197837384280171,0.0,0.9951064580817506
2023-02-16 00:00:00-05:00,-0.021285035263485373,-0.02148526932550971,0,0.0,0.00020023406202433758,0.0,0.9951064580817506
2023-02-17 00:00:00-05:00,-0.028926958474637242,-0.02205788531148837,0,0.0,-0.006869073163148873,-0.0,0.9951064580817506
2023-02-21 00:00:00-05:00,-0.0446347026125795,-0.03407897073214848,1,0.0,-0.010555731880431019,-0.0,0.9951064580817506
2023-02-22 00:00:00-05:00,0.009702229758119848,0.0061416565630009485,0,1.0,0.0035605731951188994,0.0035605731951188994,0.9986496074626862
2023-02-23 00:00:00-05:00,0.012213936660471795,0.008165116607466208,0,0.0,0.004048820053005588,0.0,0.9986496074626862
2023-02-24 00:00:00-05:00,-0.011994337217007725,-0.013576204340297887,0,0.0,0.0015818671232901618,0.0,0.9986496074626862
2023-02-27 00:00:00-05:00,0.0036133373295422237,0.0006259197816777004,0,0.0,0.0029874175478645233,0.0,0.9986496074626862
2023-02-28 00:00:00-05:00,0.010762834566467917,0.008720999214722932,0,0.0,0.0020418353517449844,0.0,0.9986496074626862
2023-03-01 00:00:00-05:00,-0.017342483594765003,-0.011435902322839956,0,0.0,-0.005906581271925048,-0.0,0.9986496074626862
2023-03-02 00:00:00-05:00,-0.0011008866486378536,0.004381860828706604,0,0.0,-0.005482747477344457,-0.0,0.9986496074626862
2023-03-03 00:00:00-05:00,0.021681958997514576,0.016006988583913907,0,0.0,0.005674970413600669,0.0,0.9986496074626862
2023-03-06 00:00:00-05:00,-0.014329268871040772,-0.004415036993935296,0,0.0,-0.009914231877105476,-0.0,0.9986496074626862
2023-03-07 00:00:00-05:00,-0.003175923793061518,-0.003608071197758143,0,0.0,0.0004321474046966251,0.0,0.9986496074626862
2023-03-08 00:00:00-05:00,0.02833236529854325,0.02297070890196276,0,0.0,0.00536165639658049,0.0,0.9986496074626862
2023-03-09 00:00:00-05:00,0.012186970149564456,-0.004957695427365357,0,0.0,0.017144665576929813,0.0,0.9986496074626862
2023-03-10 00:00:00-05:00,-0.008887221789751478,-0.012348947035902561,0,0.0,0.0034617252461510827,0.0,0.9986496074626862
2023-03-13 00:00:00-04:00,0.015710179924009887,0.01609486745594748,0,0.0,-0.0003846875319375928,-0.0,0.9986496074626862
2023-03-14 00:00:00-04:00,0.01998925200100909,0.018124901724388583,0,0.0,0.0018643502766205085,0.0,0.9986496074626862
2023-03-15 00:00:00-04:00,-0.01279672839719341,-0.005772341098932836,0,0.0,-0.007024387298260574,-0.0,0.9986496074626862
2023-03-16 00:00:00-04:00,0.018522656760163767,0.03924383130481193,-1,0.0,-0.020721174544648165,-0.0,0.9986496074626862
2023-03-17 00:00:00-04:00,-0.0065464869083343745,-0.006740527180420772,0,-1.0,0.00019404027208639717,-0.00019404027208639717,0.9984558292211352
2023-03-20 00:00:00-04:00,-0.008347487851258783,-0.011564289000786314,0,0.0,0.003216801149527531,0.0,0.9984558292211352
2023-03-21 00:00:00-04:00,0.0021706964616205367,0.011274281430526672,0,0.0,-0.009103584968906136,-0.0,0.9984558292211352
2023-03-22 00:00:00-04:00,-0.011737271061607856,-0.008541156987669336,0,0.0,-0.00319611407393852,-0.0,0.9984558292211352
2023-03-23 00:00:00-04:00,0.005937892599416594,0.00757434546798544,0,0.0,-0.0016364528685688462,-0.0,0.9984558292211352
2023-03-24 00:00:00-04:00,0.006728397222454182,0.0035728582334485165,0,0.0,0.003155538989005666,0.0,0.9984558292211352
2023-03-27 00:00:00-04:00,-0.017064320582458253,-0.015151697124263787,0,0.0,-0.0019126234581944655,-0.0,0.9984558292211352
2023-03-28 00:00:00-04:00,0.004293578985970253,-0.004315453729476515,0,0.0,0.008609032715446767,0.0,0.9984558292211352
2023-03-29 00:00:00-04:00,0.0006266284231470648,0.007149578225852426,0,0.0,-0.0065229498027053615,-0.0,0.9984558292211352
2023-03-30 00:00:00-04:00,-0.005550009362952598,0.0007803463211763206,0,0.0,-0.006330355684128919,-0.0,0.9984558292211352
2023-03-31 00:00:00-04:00,0.02550428705456746,0.024657019385768402,0,0.0,0.0008472676687990566,0.0,0.9984558292211352
2023-04-03 00:00:00-04:00,0.004392019562865013,0.001330978071999676,0,0.0,0.0030610414908653367,0.0,0.9984558292211352
2023-04-04 00:00:00-04:00,-0.0072623945627124965,-0.013583570365232521,0,0.0,0.0063211758025200245,0.0,0.9984558292211352
2023-04-05 00:00:00-04:00,-0.0002054281187602517,0.0019244416315240176,0,0.0,-0.002129869750284269,-0.0,0.9984558292211352
2023-04-06 00:00:00-04:00,-0.018132205796163335,-0.019118407359486837,0,0.0,0.0009862015633235015,0.0,0.9984558292211352
2023-04-10 00:00:00-04:00,0.0060461232980185175,0.0051795612407049925,0,0.0,0.000866562057313525,0.0,0.9984558292211352
2023-04-11 00:00:00-04:00,0.036230151273480435,0.02797050221426932,-1,0.0,0.008259649059211116,0.0,0.9984558292211352
2023-04-12 00:00:00-04:00,-0.009162655240364652,-0.0010431672082990698,0,-1.0,-0.008119488032065582,0.008119488032065582,1.0065627793770424
2023-04-13 00:00:00-04:00,-0.008941578229490184,-0.014816536010913987,0,0.0,0.0058749577814238025,0.0,1.0065627793770424
2023-04-14 00:00:00-04:00,0.0027521182763819915,0.011109082116159996,0,0.0,-0.008356963839778004,-0.0,1.0065627793770424
2023-04-17 00:00:00-04:00,0.012441182530989124,0.009856036158873932,0,0.0,0.002585146372115193,0.0,1.0065627793770424
2023-04-18 00:00:00-04:00,0.02677939946684941,0.029822488820121167,0,0.0,-0.003043089353271758,-0.0,1.0065627793770424
2023-04-19 00:00:00-04:00,-0.003136555263356844,0.00045746817581816156,0,0.0,-0.0035940234391750054,-0.0,1.0065627793770424
2023-04-20 00:00:00-04:00,0.054821203456331354,0.02324117636476461,-1,0.0,0.031580027091566744,0.0,1.0065627793770424
2023-04-21 00:00:00-04:00,-0.009524766048782054,-0.0060071513744198056,0,-1.0,-0.003517614674362248,0.003517614674362248,1.010103479380446
2023-04-24 00:00:00-04:00,0.017946366373591174,0.00832849322327284,0,0.0,0.009617873150318333,0.0,1.010103479380446
2023-04-25 00:00:00-04:00,-0.0027683889450765714,-0.010038569935724766,0,0.0,0.007270180990648195,0.0,1.010103479380446
2023-04-26 00:00:00-04:00,-0.01997448815494621,-0.0168972731560256,0,0.0,-0.003077214998920611,-0.0,1.010103479380446
2023-04-27 00:00:00-04:00,0.02117508122684416,0.023093691513873662,0,0.0,-0.001918610287029502,-0.0,1.010103479380446
2023-04-28 00:00:00-04:00,0.013568203684319827,0.009888287094321888,0,0.0,0.0036799165899979395,0.0,1.010103479380446
2023-05-01 00:00:00-04:00,-0.01283009851486129,-0.0037300280074756276,0,0.0,-0.009100070507385663,-0.0,1.010103479380446
2023-05-02 00:00:00-04:00,0.0037832557213924598,0.005766802132797035,0,0.0,-0.0019835464114045754,-0.0,1.010103479380446
2023-05-03 00:00:00-04:00,0.00962384122682724,0.009596326348758556,0,0.0,2.7514878068684787e-05,0.0,1.010103479380446
2023-05-04 00:00:00-04:00,-0.02222823416605384,-0.015719065547783344,0,0.0,-0.0065091686182704965,-0.0,1.010103479380446
2023-05-05 00:00:00-04:00,0.008358869779591672,0.009655119288723644,0,0.0,-0.001296249509131972,-0.0,1.010103479380446
2023-05-08 00:00:00-04:00,0.003508415033641757,0.010958710589628018,0,0.0,-0.007450295555986261,-0.0,1.010103479380446
2023-05-09 00:00:00-04:00,0.004505962104767437,-0.0028815232221493176,0,0.0,0.007387485326916755,0.0,1.010103479380446
2023-05-10 00:00:00-04:00,-0.0020205038683527177,-0.0019255456289599651,0,0.0,-9.49582393927526e-05,-0.0,1.010103479380446
2023-05-11 00:00:00-04:00,0.003487485452279662,-0.0012273885410530798,0,0.0,0.004714873993332742,0.0,1.010103479380446
2023-05-12 00:00:00-04:00,-0.005143842617815023,-0.006777240826468193,0,0.0,0.0016333982086531697,0.0,1.010103479380446
2023-05-15 00:00:00-04:00,0.011081321971865335,0.0006180206832594004,0,0.0,0.010463301288605934,0.0,1.010103479380446
2023-05-16 00:00:00-04:00,0.018051056722375627,0.005457278222000939,0,0.0,0.01259377850037469,0.0,1.010103479380446
2023-05-17 00:00:00-04:00,0.004373111185057497,0.005864002658065315,0,0.0,-0.001490891473007818,-0.0,1.010103479380446
2023-05-18 00:00:00-04:00,0.0016907727725608429,0.010504061802685904,0,0.0,-0.00881328903012506,-0.0,1.010103479380446
2023-05-19 00:00:00-04:00,-0.020569315588842303,-0.019268952267323076,0,0.0,-0.0013003633215192267,-0.0,1.010103479380446
2023-05-22 00:00:00-04:00,-0.01933444542231871,-0.027580005347162904,0,0.0,0.008245559924844194,0.0,1.010103479380446
2023-05-23 00:00:00-04:00,-0.02047099171747349,-0.03125263508261241,0,0.0,0.01078164336513892,0.0,1.010103479380446
2023-05-24 00:00:00-04:00,0.005180813369416337,0.007441864743946084,0,0.0,-0.0022610513745297467,-0.0,1.010103479380446
2023-05-25 00:00:00-04:00,0.0033762839673081076,0.006098184857472517,0,0.0,-0.0027219008901644094,-0.0,1.010103479380446
2023-05-26 00:00:00-04:00,-0.0008430029095578348,-0.010277398634465933,0,0.0,0.009434395724908099,0.0,1.010103479380446
2023-05-30 00:00:00-04:00,0.006352211204294871,0.0032521146082612807,0,0.0,0.00310009659603359,0.0,1.010103479380446
2023-05-31 00:00:00-04:00,-0.005134792578089579,-0.006328020085039862,0,0.0,0.0011932275069502828,0.0,1.010103479380446
2023-06-01 00:00:00-04:00,0.015233585653797153,0.00947696622552766,0,0.0,0.005756619428269492,0.0,1.010103479380446
2023-06-02 00:00:00-04:00,0.03211149865123287,0.03507225374294543,-1,0.0,-0.0029607550917125636,-0.0,1.010103479380446
2023-06-05 00:00:00-04:00,-0.005370618250293422,-0.0005359196912068289,0,-1.0,-0.004834698559086593,0.004834698559086593,1.014987025216735
2023-06-06 00:00:00-04:00,0.033970352476072115,0.03562723459542796,-1,0.0,-0.001656882119355843,-0.0,1.014987025216735
2023-06-07 00:00:00-04:00,-0.011517456757299177,-0.017391810205313548,0,-1.0,0.005874353448014371,-0.005874353448014371,1.0090246326854633
2023-06-08 00:00:00-04:00,-0.005985355484776303,-0.005541581173619315,0,0.0,-0.0004437743111569874,-0.0,1.0090246326854633
2023-06-09 00:00:00-04:00,0.0065118694650071335,0.007294422900459699,0,0.0,-0.0007825534354525656,-0.0,1.0090246326854633
2023-06-12 00:00:00-04:00,0.017821157352830654,0.010453083821370312,0,0.0,0.007368073531460342,0.0,1.0090246326854633
2023-06-13 00:00:00-04:00,-0.0024154985010182185,0.005272029093898402,0,0.0,-0.007687527594916621,-0.0,1.0090246326854633
2023-06-14 00:00:00-04:00,-0.019008334680644463,-0.010920493786681544,0,0.0,-0.008087840893962918,-0.0,1.0090246326854633
2023-06-15 00:00:00-04:00,0.015807508181433144,0.04315132482198452,-1,0.0,-0.027343816640551376,-0.0,1.0090246326854633
2023-06-16 00:00:00-04:00,0.008541569740607673,0.001751243636180259,0,-1.0,0.006790326104427414,-0.006790326104427414,1.002173026382129
2023-06-20 00:00:00-04:00,0.016360193293104758,0.012913994355159747,0,0.0,0.003446198937945011,0.0,1.002173026382129
2023-06-21 00:00:00-04:00,0.0053946069306785,0.0005756533652471768,0,0.0,0.004818953565431323,0.0,1.002173026382129
2023-06-22 00:00:00-04:00,0.00561632130750478,-0.002716437629793012,0,0.0,0.008332758937297792,0.0,1.002173026382129
2023-06-23 00:00:00-04:00,0.006415858961981004,0.008045307796438892,0,0.0,-0.0016294488344578877,-0.0,1.002173026382129
2023-06-26 00:00:00-04:00,-0.004244824303597789,-0.010108009237547498,0,0.0,0.00586318493394971,0.0,1.002173026382129
2023-06-27 00:00:00-04:00,0.02601612152324213,0.04038904603793722,-1,0.0,-0.01437292451469509,-0.0,1.002173026382129
2023-06-28 00:00:00-04:00,-0.0069318129445941935,-0.004771045314059476,0,-1.0,-0.0021607676305347174,0.0021607676305347174,1.0043384894177303
2023-06-29 00:00:00-04:00,-0.01533798296093537,-0.01348114414504859,0,0.0,-0.0018568388158867796,-0.0,1.0043384894177303
2023-06-30 00:00:00-04:00,0.011155815517946328,0.01228481761353799,0,0.0,-0.0011290020955916618,-0.0,1.0043384894177303
2023-07-03 00:00:00-04:00,-0.01256948242390967,-0.0002393353700667605,0,0.0,-0.012330147053842909,-0.0,1.0043384894177303
2023-07-05 00:00:00-04:00,-0.007349844212071208,-0.007933708949380211,0,0.0,0.0005838647373090028,0.0,1.0043384894177303
2023-07-06 00:00:00-04:00,-0.03784352023720412,-0.030801870044150404,1,0.0,-0.007041650193053719,-0.0,1.0043384894177303
2023-07-07 00:00:00-04:00,0.004603724568571545,-0.0025755334982359135,0,1.0,0.007179258066807458,0.007179258066807458,1.0115488946196878
2023-07-10 00:00:00-04:00,0.03240109097450835,0.026677074442002777,0,0.0,0.005724016532505573,0.0,1.0115488946196878
2023-07-11 00:00:00-04:00,0.001844222687002562,0.01167626098106304,0,0.0,-0.009832038294060479,-0.0,1.0115488946196878
2023-07-12 00:00:00-04:00,0.035377007055536494,0.026621822659464715,0,0.0,0.008755184396071779,0.0,1.0115488946196878
2023-07-13 00:00:00-04:00,0.021985922597988254,0.01393427618960981,0,0.0,0.008051646408378445,0.0,1.0115488946196878
2023-07-14 00:00:00-04:00,0.029990228623948505,0.02400241488453816,0,0.0,0.0059878137394103435,0.0,1.0115488946196878
2023-07-17 00:00:00-04:00,-0.01749540046066856,-0.021622071164690816,0,0.0,0.004126670704022256,0.0,1.0115488946196878
2023-07-18 00:00:00-04:00,-0.0013284922184359329,0.00459100625974478,0,0.0,-0.005919498478180713,-0.0,1.0115488946196878
2023-07-19 00:00:00-04:00,-0.00023460881337588588,-0.0018338496198682765,0,0.0,0.0015992408064923907,0.0,1.0115488946196878
2023-07-20 00:00:00-04:00,-0.01918958567091367,-0.03581540473947966,0,0.0,0.01662581906856599,0.0,1.0115488946196878
2023-07-21 00:00:00-04:00,0.01707544301270243,0.003955653626830183,0,0.0,0.013119789385872245,0.0,1.0115488946196878
2023-07-24 00:00:00-04:00,0.01886780210418819,0.005119092662544358,0,0.0,0.01374870944164383,0.0,1.0115488946196878
2023-07-25 00:00:00-04:00,0.007585928646297368,0.0018836276980761888,0,0.0,0.005702300948221179,0.0,1.0115488946196878
2023-07-26 00:00:00-04:00,-0.018179499060578686,-0.002512209359805692,0,0.0,-0.015667289700772996,-0.0,1.0115488946196878
2023-07-27 00:00:00-04:00,-0.012437041185662964,-0.011065511595032535,0,0.0,-0.001371529590630428,-0.0,1.0115488946196878
2023-07-28 00:00:00-04:00,0.003927709877456313,0.015457744903845955,0,0.0,-0.011530035026389641,-0.0,1.0115488946196878
2023-07-31 00:00:00-04:00,-0.0041640351250011275,-0.007462475477395288,0,0.0,0.0032984403523941604,0.0,1.0115488946196878
2023-08-01 00:00:00-04:00,0.0070605921144403115,0.0013394456377000578,0,0.0,0.005721146476740254,0.0,1.0115488946196878
2023-08-02 00:00:00-04:00,-0.01718872629989119,-0.014354453766199215,0,0.0,-0.002834272533691975,-0.0,1.0115488946196878
2023-08-03 00:00:00-04:00,-0.020813239864778017,-0.02057940907808234,0,0.0,-0.0002338307866956782,-0.0,1.0115488946196878
2023-08-04 00:00:00-04:00,0.022606713698570976,0.023610102813139987,0,0.0,-0.001003389114569011,-0.0,1.0115488946196878
2023-08-07 00:00:00-04:00,0.01406029778950177,0.013761761401743393,0,0.0,0.0002985363877583778,0.0,1.0115488946196878
2023-08-08 00:00:00-04:00,0.00031363398830243155,-0.0022018442605293005,0,0.0,0.002515478248831732,0.0,1.0115488946196878
2023-08-09 00:00:00-04:00,-0.011593729789663401,-0.011480210800653068,0,0.0,-0.00011351898901033365,-0.0,1.0115488946196878
2023-08-10 00:00:00-04:00,-0.02092167655871484,-0.01775503633814048,0,0.0,-0.003166640220574359,-0.0,1.0115488946196878
2023-08-11 00:00:00-04:00,-0.0035704939026877103,-0.0011353792684443095,0,0.0,-0.002435114634243401,-0.0,1.0115488946196878
2023-08-14 00:00:00-04:00,0.002192558655381466,0.005179989014438353,0,0.0,-0.0029874303590568868,-0.0,1.0115488946196878
2023-08-15 00:00:00-04:00,0.02846814280351792,0.017525402000982595,0,0.0,0.010942740802535326,0.0,1.0115488946196878
2023-08-16 00:00:00-04:00,-0.033265518269042886,-0.027260102879450323,0,0.0,-0.006005415389592563,-0.0,1.0115488946196878
2023-08-17 00:00:00-04:00,-0.051769679783713315,-0.04689672208211851,1,0.0,-0.004872957701594807,-0.0,1.0115488946196878
2023-08-18 00:00:00-04:00,0.006928862154704205,-0.00042724037285494826,0,1.0,0.007356102527559153,0.007356102527559153,1.0189899520001495
2023-08-21 00:00:00-04:00,-0.011747293207671634,-0.010050263614017053,0,0.0,-0.0016970295936545813,-0.0,1.0189899520001495
2023-08-22 00:00:00-04:00,0.010211682316055149,0.006196727170380031,0,0.0,0.0040149551456751175,0.0,1.0189899520001495
2023-08-23 00:00:00-04:00,0.006212996363125524,0.005305504803614879,0,0.0,0.0009074915595106451,0.0,1.0189899520001495
2023-08-24 00:00:00-04:00,-0.00989088136800088,-0.01098437460155121,0,0.0,0.0010934932335503293,0.0,1.0189899520001495
2023-08-25 00:00:00-04:00,-0.015196394967330355,-0.016092256269525117,0,0.0,0.0008958613021947618,0.0,1.0189899520001495
2023-08-28 00:00:00-04:00,0.005898786734213933,8.769480787030724e-05,0,0.0,0.005811091926343626,0.0,1.0189899520001495
2023-08-29 00:00:00-04:00,0.013828864742578705,0.02185496814883533,0,0.0,-0.008026103406256624,-0.0,1.0189899520001495
2023-08-30 00:00:00-04:00,0.01498564937947581,0.02289788772343029,0,0.0,-0.00791223834395448,-0.0,1.0189899520001495
2023-08-31 00:00:00-04:00,0.00016811504323409945,-0.001510361486642735,0,0.0,0.0016784765298768344,0.0,1.0189899520001495
2023-09-01 00:00:00-04:00,0.009698950387204433,0.013097213056591402,0,0.0,-0.0033982626693869686,-0.0,1.0189899520001495
2023-09-05 00:00:00-04:00,-0.050338930910888806,-0.050395124800224116,1,0.0,5.619388933530978e-05,0.0,1.0189899520001495
2023-09-06 00:00:00-04:00,0.011743836173739015,0.019079441922467102,0,1.0,-0.007335605748728087,-0.007335605748728087,1.011515043450361
2023-09-07 00:00:00-04:00,0.01271818045404482,0.009701412801159316,0,0.0,0.0030167676528855044,0.0,1.011515043450361
2023-09-08 00:00:00-04:00,0.0017064388602200504,0.004984073064027919,0,0.0,-0.0032776342038078683,-0.0,1.011515043450361
2023-09-11 00:00:00-04:00,0.004847126470123334,0.009143261563480597,0,0.0,-0.004296135093357263,-0.0,1.011515043450361
2023-09-12 00:00:00-04:00,-0.027870504226442116,-0.02751263960791039,0,0.0,-0.00035786461853172524,-0.0,1.011515043450361
2023-09-13 00:00:00-04:00,-0.006827096474447125,-0.0046455571371513986,0,0.0,-0.0021815393372957266,-0.0,1.011515043450361
2023-09-14 00:00:00-04:00,0.01170023716089166,0.014807481471983252,0,0.0,-0.003107244311091592,-0.0,1.011515043450361
2023-09-15 00:00:00-04:00,-0.02487288324016234,-0.025296064038880867,0,0.0,0.0004231807987185275,0.0,1.011515043450361
2023-09-18 00:00:00-04:00,0.007270890798275369,0.01967283639243576,0,0.0,-0.012401945594160392,-0.0,1.011515043450361
2023-09-19 00:00:00-04:00,0.0035275835377950545,0.0021337180410129545,0,0.0,0.0013938654967821,0.0,1.011515043450361
2023-09-20 00:00:00-04:00,-0.0034393791840819895,-0.006500750560446886,0,0.0,0.003061371376364897,0.0,1.011515043450361
2023-09-21 00:00:00-04:00,-0.037349583128253656,-0.029611168316110624,1,0.0,-0.007738414812143032,-0.0,1.011515043450361
2023-09-22 00:00:00-04:00,0.0022899294157003314,0.003265262292372902,0,1.0,-0.0009753328766725707,-0.0009753328766725707,1.010528479573235
2023-09-25 00:00:00-04:00,-0.010392416736496119,-0.0037957570695691975,0,0.0,-0.006596659666926921,-0.0,1.010528479573235
2023-09-26 00:00:00-04:00,-0.006585323541453287,-0.010044108814357832,0,0.0,0.003458785272904545,0.0,1.010528479573235
2023-09-27 00:00:00-04:00,-0.004196316204626953,-0.002146270116693415,0,0.0,-0.002050046087933538,-0.0,1.010528479573235
2023-09-28 00:00:00-04:00,0.017691254010097895,0.02213453623364822,0,0.0,-0.004443282223550324,-0.0,1.010528479573235
2023-09-29 00:00:00-04:00,-0.013401886046644336,-0.017400928203561764,0,0.0,0.003999042156917428,0.0,1.010528479573235
2023-10-02 00:00:00-04:00,-0.012075956727389868,-0.009669599623806048,0,0.0,-0.00240635710358382,-0.0,1.010528479573235
2023-10-03 00:00:00-04:00,-0.03186412997243438,-0.026622141593892645,0,0.0,-0.005241988378541736,-0.0,1.010528479573235
2023-10-04 00:00:00-04:00,0.01467067783477483,0.006814075399595292,0,0.0,0.007856602435179537,0.0,1.010528479573235
2023-10-05 00:00:00-04:00,-0.005572692348828922,-0.0030330083016339043,0,0.0,-0.002539684047195018,-0.0,1.010528479573235
2023-10-06 00:00:00-04:00,0.0049017894938969886,0.005324562329958504,0,0.0,-0.00042277283606151524,-0.0,1.010528479573235
2023-10-09 00:00:00-04:00,0.01720496555803204,0.018595533097599988,0,0.0,-0.0013905675395679482,-0.0,1.010528479573235
2023-10-10 00:00:00-04:00,0.010219832121598436,0.01604734959314379,0,0.0,-0.005827517471545354,-0.0,1.010528479573235
2023-10-11 00:00:00-04:00,0.013619472208591235,0.01055686050815963,0,0.0,0.003062611700431605,0.0,1.010528479573235
2023-10-12 00:00:00-04:00,-0.05991740612187347,-0.05218249911544502,1,0.0,-0.007734907006428447,-0.0,1.010528479573235
2023-10-13 00:00:00-04:00,0.012718056708502299,0.0077148930404933504,0,1.0,0.005003163668008948,0.005003163668008948,1.0155843189477243
2023-10-16 00:00:00-04:00,0.008262117465529677,0.002558485132835359,0,0.0,0.0057036323326943176,0.0,1.0155843189477243
2023-10-17 00:00:00-04:00,0.00391516691232938,0.0004561635561382693,0,0.0,0.0034590033561911105,0.0,1.0155843189477243
2023-10-18 00:00:00-04:00,-0.024016333046565246,-0.02634036500681736,0,0.0,0.0023240319602521146,0.0,1.0155843189477243
2023-10-19 00:00:00-04:00,-0.011783326641796377,-0.020531527111408383,0,0.0,0.008748200469612007,0.0,1.0155843189477243
2023-10-20 00:00:00-04:00,-0.00574532306381895,-0.007869436643557727,0,0.0,0.0021241135797387765,0.0,1.0155843189477243
2023-10-23 00:00:00-04:00,0.01440004126054348,0.014443782063873777,0,0.0,-4.3740803330296826e-05,-0.0,1.0155843189477243
2023-10-24 00:00:00-04:00,-0.003531500485722775,-0.0035200611431519552,0,0.0,-1.1439342570819609e-05,-0.0,1.0155843189477243
2023-10-25 00:00:00-04:00,-0.01086854077482064,-0.01788501182005856,0,0.0,0.007016471045237919,0.0,1.0155843189477243
2023-10-26 00:00:00-04:00,0.009787002212022933,0.008309261620579603,0,0.0,0.00147774059144333,0.0,1.0155843189477243
2023-10-27 00:00:00-04:00,0.0004915246059636178,-0.0013479707212428358,0,0.0,0.0018394953272064538,0.0,1.0155843189477243
2023-10-30 00:00:00-04:00,0.004219355802441374,0.0070087809854719315,0,0.0,-0.0027894251830305576,-0.0,1.0155843189477243
2023-10-31 00:00:00-04:00,0.02198319019717635,0.02045528018817612,0,0.0,0.0015279100090002315,0.0,1.0155843189477243
2023-11-01 00:00:00-04:00,0.04586670532097092,0.04167650459325096,-1,0.0,0.004190200727719959,0.0,1.0155843189477243
2023-11-02 00:00:00-04:00,0.04236519207274071,0.04087228953676356,-1,-1.0,0.001492902535977149,-0.001492902535977149,1.0140681505424687
2023-11-03 00:00:00-04:00,0.04148475634605343,0.033608143224347305,-1,-1.0,0.007876613121706122,-0.007876613121706122,1.0060807280416018
2023-11-06 00:00:00-05:00,-0.009637351284721936,-0.009222899532396163,0,-1.0,-0.00041445175232577257,0.00041445175232577257,1.0064976999623196
2023-11-07 00:00:00-05:00,0.028885491401875806,0.014134838550618124,0,0.0,0.014750652851257682,0.0,1.0064976999623196
2023-11-08 00:00:00-05:00,0.00526796159107505,0.0038957193636777474,0,0.0,0.0013722422273973025,0.0,1.0064976999623196
2023-11-09 00:00:00-05:00,-0.009320051580149294,-0.01039467889606832,0,0.0,0.0010746273159190252,0.0,1.0064976999623196
2023-11-10 00:00:00-05:00,0.016599999289603342,0.021255415545584706,0,0.0,-0.004655416255981364,-0.0,1.0064976999623196
2023-11-13 00:00:00-05:00,-0.003101793414481339,0.00040912882700692825,0,0.0,-0.003510922241488267,-0.0,1.0064976999623196
2023-11-14 00:00:00-05:00,0.05239626364661021,0.047991264224822694,-1,0.0,0.004404999421787514,0.0,1.0064976999623196
2023-11-15 00:00:00-05:00,-0.0077881114362812,-0.01105419440907471,0,-1.0,0.00326608297279351,-0.00326608297279351,1.0032103949623168
2023-11-16 00:00:00-05:00,-0.002113336224613301,0.0018116069217536106,0,0.0,-0.003924943146366912,-0.0,1.0032103949623168
2023-11-17 00:00:00-05:00,0.0033635075555376918,0.0032209917599105545,0,0.0,0.00014251579562713727,0.0,1.0032103949623168
2023-11-20 00:00:00-05:00,0.004996868590239257,0.006333387506703056,0,0.0,-0.001336518916463799,-0.0,1.0032103949623168
2023-11-21 00:00:00-05:00,-0.012933777318286621,-0.011917972274537243,0,0.0,-0.001015805043749379,-0.0,1.0032103949623168
2023-11-22 00:00:00-05:00,0.0021278268866642366,0.005113919526232184,0,0.0,-0.0029860926395679477,-0.0,1.0032103949623168
2023-11-24 00:00:00-05:00,0.003614973297663093,0.001568252356520162,0,0.0,0.002046720941142931,0.0,1.0032103949623168
2023-11-27 00:00:00-05:00,-0.009537064343323269,-0.006209031275160003,0,0.0,-0.003328033068163266,-0.0,1.0032103949623168
2023-11-28 00:00:00-05:00,-0.002457977013582311,-0.006168421507210072,0,0.0,0.003710444493627761,0.0,1.0032103949623168
2023-11-29 00:00:00-05:00,0.010267858673711508,0.006168421507209986,0,0.0,0.004099437166501522,0.0,1.0032103949623168
2023-11-30 00:00:00-05:00,0.003216504136151936,0.00847865934573251,0,0.0,-0.005262155209580574,-0.0,1.0032103949623168
2023-12-01 00:00:00-05:00,0.02467915290567589,0.028209903618944928,0,0.0,-0.0035307507132690368,-0.0,1.0032103949623168
2023-12-04 00:00:00-05:00,-0.002831340936423475,-0.0005320775870764605,0,0.0,-0.0022992633493470146,-0.0,1.0032103949623168
2023-12-05 00:00:00-05:00,0.0018374587092922542,0.0029610837685395516,0,0.0,-0.0011236250592472974,-0.0,1.0032103949623168
2023-12-06 00:00:00-05:00,0.021791163594836915,0.025967904772164613,0,0.0,-0.004176741177327699,-0.0,1.0032103949623168
2023-12-07 00:00:00-05:00,0.02022653588849702,0.015393847957418591,0,0.0,0.004832687931078428,0.0,1.0032103949623168
2023-12-08 00:00:00-05:00,0.015429768189700552,0.015232176954336166,0,0.0,0.0001975912353643864,0.0,1.0032103949623168
2023-12-11 00:00:00-05:00,0.003172759169674508,0.0004298182505808152,0,0.0,0.0027429409190936928,0.0,1.0032103949623168
2023-12-12 00:00:00-05:00,0.006458654652758777,0.006353300483885092,0,0.0,0.00010535416887368521,0.0,1.0032103949623168
2023-12-13 00:00:00-05:00,0.030780080387867642,0.03241559578708206,0,0.0,-0.0016355153992144156,-0.0,1.0032103949623168
2023-12-14 00:00:00-05:00,0.06029427139022525,0.06436191122026153,-1,0.0,-0.004067639830036274,-0.0,1.0032103949623168
2023-12-15 00:00:00-05:00,-0.019918894764759394,-0.036374774618451504,0,-1.0,0.01645587985369211,-0.01645587985369211,0.9867016852348419
2023-12-18 00:00:00-05:00,-0.01011023649218654,-0.013488144210271988,0,0.0,0.003377907718085448,0.0,0.9867016852348419
2023-12-19 00:00:00-05:00,0.010975858659821315,0.009258842678317562,0,0.0,0.0017170159815037538,0.0,0.9867016852348419
2023-12-20 00:00:00-05:00,-0.005673762800949955,-0.012591499268836752,0,0.0,0.006917736467886797,0.0,0.9867016852348419
2023-12-21 00:00:00-05:00,0.0062727040164765905,0.007600999046652833,0,0.0,-0.0013282950301762428,-0.0,0.9867016852348419
2023-12-22 00:00:00-05:00,-0.002597559380807736,-0.003318222181040207,0,0.0,0.000720662800232471,0.0,0.9867016852348419
2023-12-26 00:00:00-05:00,0.005122246596418961,0.005276911432106656,0,0.0,-0.00015466483568769493,-0.0,0.9867016852348419
2023-12-27 00:00:00-05:00,0.006876796287037104,0.007395095409936117,0,0.0,-0.0005182991228990129,-0.0,0.9867016852348419
2023-12-28 00:00:00-05:00,0.0015146464902331576,-0.000804166844832293,0,0.0,0.0023188133350654505,0.0,0.9867016852348419
2023-12-29 00:00:00-05:00,0.0,-0.0009389057820611882,0,0.0,0.0009389057820611882,0.0,0.9867016852348419
2024-01-02 00:00:00-05:00,-0.013914120002007785,-0.010657714207200727,0,0.0,-0.0032564057948070574,-0.0,0.9867016852348419
2024-01-03 00:00:00-05:00,-0.012960701442361479,-0.012281927213392762,0,0.0,-0.0006787742289687173,-0.0,0.9867016852348419
2024-01-04 00:00:00-05:00,-0.001758721423891946,-0.004058619913591091,0,0.0,0.002299898489699145,0.0,0.9867016852348419
2024-01-05 00:00:00-05:00,0.006344364657134302,0.008237810525704223,0,0.0,-0.0018934458685699214,-0.0,0.9867016852348419
2024-01-08 00:00:00-05:00,0.02426099577719824,0.020570454785130286,0,0.0,0.0036905409920679547,0.0,0.9867016852348419
2024-01-09 00:00:00-05:00,-0.0034205710039686642,-0.007731999907071273,0,0.0,0.004311428903102609,0.0,0.9867016852348419
2024-01-10 00:00:00-05:00,0.018023399586191435,0.03443013233130662,0,0.0,-0.01640673274511519,-0.0,0.9867016852348419
2024-01-11 00:00:00-05:00,0.0029723194269145174,0.011991810540872186,0,0.0,-0.009019491113957669,-0.0,0.9867016852348419
2024-01-12 00:00:00-05:00,-0.0068631159844747295,-0.022480228835018656,0,0.0,0.015617112850543926,0.0,0.9867016852348419
2024-01-16 00:00:00-05:00,-0.006060285618744184,-0.008271298819278563,0,0.0,0.0022110132005343794,0.0,0.9867016852348419
2024-01-17 00:00:00-05:00,-0.006755061748659818,-0.00599807386429649,0,0.0,-0.000756987884363328,-0.0,0.9867016852348419
2024-01-18 00:00:00-05:00,0.0037436163639207507,0.004801312584767234,0,0.0,-0.0010576962208464834,-0.0,0.9867016852348419
2024-01-19 00:00:00-05:00,0.017997518158612436,0.00986341474468334,0,0.0,0.008134103413929096,0.0,0.9867016852348419
2024-01-22 00:00:00-05:00,0.01533574447381977,0.02253580414740364,0,0.0,-0.007200059673583871,-0.0,0.9867016852348419
2024-01-23 00:00:00-05:00,-0.09694112056160611,-0.05072744478219544,1,0.0,-0.04621367577941068,-0.0,0.9867016852348419
2024-01-24 00:00:00-05:00,-0.027769820150983882,-0.016877216611811945,0,1.0,-0.010892603539171937,-0.010892603539171937,0.9759539349661459
2024-01-25 00:00:00-05:00,0.016810919276356452,0.027190471097938488,0,0.0,-0.010379551821582036,-0.0,0.9759539349661459
2024-01-26 00:00:00-05:00,-0.007586940723858567,-0.004974838785024037,0,0.0,-0.0026121019388345304,-0.0,0.9759539349661459
2024-01-29 00:00:00-05:00,-0.002137428596984859,0.007988079410390658,0,0.0,-0.010125508007375517,-0.0,0.9759539349661459
2024-01-30 00:00:00-05:00,0.02159097882443162,0.00997877970495278,0,0.0,0.01161219911947884,0.0,0.9759539349661459
2024-01-31 00:00:00-05:00,-0.0024458937313125554,-0.008108600157851512,0,0.0,0.005662706426538957,0.0,0.9759539349661459
2024-02-01 00:00:00-05:00,0.03045975555701142,0.02686321734073287,0,0.0,0.0035965382162785504,0.0,0.9759539349661459
2024-02-02 00:00:00-05:00,-0.002990841783707802,0.0005195382034105491,0,0.0,-0.003510379987118351,-0.0,0.9759539349661459
2024-02-05 00:00:00-05:00,-0.009320953488308033,-0.009852984993086565,0,0.0,0.000532031504778532,0.0,0.9759539349661459
2024-02-06 00:00:00-05:00,-0.015264235313938836,-0.010282115656990708,0,0.0,-0.004982119656948128,-0.0,0.9759539349661459
2024-02-07 00:00:00-05:00,0.011193602521032053,0.011527228936862163,0,0.0,-0.00033362641583011,-0.0,0.9759539349661459
2024-02-08 00:00:00-05:00,-0.0004150064909001154,0.003921970141486501,0,0.0,-0.004336976632386616,-0.0,0.9759539349661459
2024-02-09 00:00:00-05:00,0.0022798209839239975,-0.0017629676862495115,0,0.0,0.004042788670173509,0.0,0.9759539349661459
2024-02-12 00:00:00-05:00,0.022989491574289273,0.031456609381126655,0,0.0,-0.008467117806837381,-0.0,0.9759539349661459
2024-02-13 00:00:00-05:00,-0.04067311662741398,-0.04025227652462103,1,0.0,-0.0004208401027929465,-0.0,0.9759539349661459
2024-02-14 00:00:00-05:00,0.021746901669311057,0.014335089647647067,0,1.0,0.00741181202166399,0.00741181202166399,0.9831875220739182
2024-02-15 00:00:00-05:00,-0.0008249576318893971,0.0021423597143355204,0,0.0,-0.0029673173462249174,-0.0,0.9831875220739182
2024-02-16 00:00:00-05:00,-0.02867815502061763,-0.026149556885559467,0,0.0,-0.0025285981350581625,-0.0,0.9831875220739182
2024-02-20 00:00:00-05:00,0.01545294121928433,0.005112625757229683,0,0.0,0.010340315462054647,0.0,0.9831875220739182
2024-02-21 00:00:00-05:00,0.0036179958874447654,0.0065353947124265465,0,0.0,-0.002917398824981781,-0.0,0.9831875220739182
2024-02-22 00:00:00-05:00,0.007885968109668965,0.01034248319315011,0,0.0,-0.002456515083481145,-0.0,0.9831875220739182
2024-02-23 00:00:00-05:00,0.006661452443623199,0.009849743392944981,0,0.0,-0.0031882909493217825,-0.0,0.9831875220739182
2024-02-26 00:00:00-05:00,-0.0016441298772278572,-0.0061447498717486304,0,0.0,0.004500619994520773,0.0,0.9831875220739182
2024-02-27 00:00:00-05:00,-0.002883561983426044,-0.0016883000127787015,0,0.0,-0.0011952619706473424,-0.0,0.9831875220739182
2024-02-28 00:00:00-05:00,0.003705911907248065,-0.0004551373538134204,0,0.0,0.004161049261061485,0.0,0.9831875220739182
2024-02-29 00:00:00-05:00,0.02342541235708097,0.030164791239532092,0,0.0,-0.006739378882451123,-0.0,0.9831875220739182
2024-03-01 00:00:00-05:00,0.023346765244811517,0.01856351454331841,0,0.0,0.004783250701493106,0.0,0.9831875220739182
2024-03-04 00:00:00-05:00,-0.003273928274033444,-0.005900393755445405,0,0.0,0.002626465481411961,0.0,0.9831875220739182
2024-03-05 00:00:00-05:00,-0.008893532879211088,-0.006060966221859606,0,0.0,-0.002832566657351482,-0.0,0.9831875220739182
2024-03-06 00:00:00-05:00,0.0050164665922057565,0.009232826716701246,0,0.0,-0.00421636012449549,-0.0,0.9831875220739182
2024-03-07 00:00:00-05:00,0.02226799414921529,0.020771493181360543,0,0.0,0.0014965009678547456,0.0,0.9831875220739182
2024-03-08 00:00:00-05:00,-0.011137141226454036,-0.001399851881761989,0,0.0,-0.009737289344692047,-0.0,0.9831875220739182
2024-03-11 00:00:00-04:00,-0.005680878352704082,-0.0004264269005612683,0,0.0,-0.005254451452142814,-0.0,0.9831875220739182
2024-03-12 00:00:00-04:00,0.012429649648412991,0.011209075101823672,0,0.0,0.0012205745465893193,0.0,0.9831875220739182
2024-03-13 00:00:00-04:00,0.003744195739455665,-0.002835845194112674,0,0.0,0.0065800409335683395,0.0,0.9831875220739182
2024-03-14 00:00:00-04:00,-0.031948171067527044,-0.07944868049876955,1,0.0,0.0475005094312425,0.0,0.9831875220739182
2024-03-15 00:00:00-04:00,0.00907264261975754,0.023980660125777386,0,1.0,-0.014908017506019847,-0.014908017506019847,0.96853014528314
2024-03-18 00:00:00-04:00,-0.0011874102501089133,0.00025547365157268533,0,0.0,-0.0014428839016815986,-0.0,0.96853014528314
2024-03-19 00:00:00-04:00,0.02978109823496172,0.01916268659442408,0,0.0,0.010618411640537638,0.0,0.96853014528314
2024-03-20 00:00:00-04:00,0.015826371809391643,0.02474760948847603,0,0.0,-0.008921237679084388,-0.0,0.96853014528314
2024-03-21 00:00:00-04:00,0.01762664338126761,0.010335096700012175,0,0.0,0.0072915466812554335,0.0,0.96853014528314
2024-03-22 00:00:00-04:00,0.0025988873800677444,0.007471712495268961,0,0.0,-0.004872825115201217,-0.0,0.96853014528314
2024-03-25 00:00:00-04:00,-0.012686835189470044,-0.0032470386221965996,0,0.0,-0.009439796567273444,-0.0,0.96853014528314
2024-03-26 00:00:00-04:00,-0.003196824667268868,-0.0028950060252019667,0,0.0,-0.0003018186420669011,-0.0,0.96853014528314
2024-03-27 00:00:00-04:00,0.017303887402421694,0.017602015918645606,0,0.0,-0.0002981285162239125,-0.0,0.96853014528314
2024-03-28 00:00:00-04:00,0.01530973549871132,0.02044246130914331,0,0.0,-0.00513272581043199,-0.0,0.96853014528314
2024-04-01 00:00:00-04:00,-0.016359353228574614,-0.02454587157136905,0,0.0,0.008186518342794435,0.0,0.96853014528314
2024-04-02 00:00:00-04:00,-0.03924544801125523,-0.03233898933087725,1,0.0,-0.00690645868037798,-0.0,0.96853014528314
2024-04-03 00:00:00-04:00,0.01384539367195429,0.022036463408318527,0,1.0,-0.008191069736364237,-0.008191069736364237,0.9605968473213549
2024-04-04 00:00:00-04:00,-0.010766168284440384,-0.014860844281743587,0,0.0,0.004094675997303203,0.0,0.9605968473213549
2024-04-05 00:00:00-04:00,0.015191758490868127,0.01564328867609912,0,0.0,-0.00045153018523099234,-0.0,0.9605968473213549
2024-04-08 00:00:00-04:00,-0.011292392765551397,-0.007306159550662599,0,0.0,-0.003986233214888797,-0.0,0.9605968473213549
2024-04-09 00:00:00-04:00,0.01034571336029438,0.005921477066311022,0,0.0,0.004424236293983358,0.0,0.9605968473213549
2024-04-10 00:00:00-04:00,-0.0660341173243005,-0.05931884426021405,1,0.0,-0.006715273064086459,-0.0,0.9605968473213549
2024-04-11 00:00:00-04:00,0.016324821942020926,0.019184425145577475,0,1.0,-0.002859603203556549,-0.002859603203556549,0.9578499214994284
2024-04-12 00:00:00-04:00,0.006745905010255278,0.002755531405469287,0,0.0,0.0039903736047859914,0.0,0.9578499214994284
2024-04-15 00:00:00-04:00,-0.01755472183445108,-0.023923613707667376,0,0.0,0.006368891873216296,0.0,0.9578499214994284
2024-04-16 00:00:00-04:00,-0.0204669566575195,-0.022935854227941574,0,0.0,0.0024688975704220753,0.0,0.9578499214994284
2024-04-17 00:00:00-04:00,-0.002124733189417679,-0.004598320107325151,0,0.0,0.0024735869179074717,0.0,0.9578499214994284
2024-04-18 00:00:00-04:00,0.0009601672273942499,0.004008275768964896,0,0.0,-0.003048108541570646,-0.0,0.9578499214994284
2024-04-19 00:00:00-04:00,-0.025620128738906338,-0.015198035374444488,0,0.0,-0.01042209336446185,-0.0,0.9578499214994284
2024-04-22 00:00:00-04:00,0.0061696536958686194,0.009146405387107263,0,0.0,-0.0029767516912386433,-0.0,0.9578499214994284
2024-04-23 00:00:00-04:00,0.034080874523917136,0.026883558625634685,0,0.0,0.007197315898282451,0.0,0.9578499214994284
2024-04-24 00:00:00-04:00,-0.012986706491595038,-0.010199398442321806,0,0.0,-0.002787308049273232,-0.0,0.9578499214994284
2024-04-25 00:00:00-04:00,-0.013226891034848112,-0.008667207238310526,0,0.0,-0.004559683796537586,-0.0,0.9578499214994284
2024-04-26 00:00:00-04:00,0.007805759481391037,0.009769504733013936,0,0.0,-0.001963745251622899,-0.0,0.9578499214994284
2024-04-29 00:00:00-04:00,0.0043940739448861035,0.007618792022892466,0,0.0,-0.0032247180780063623,-0.0,0.9578499214994284
2024-04-30 00:00:00-04:00,-0.02412918160177376,-0.025075227746038844,0,0.0,0.000946046144265085,0.0,0.9578499214994284
2024-05-01 00:00:00-04:00,0.0020372635205750385,0.005590323627611944,0,0.0,-0.003553060107036905,-0.0,0.9578499214994284
2024-05-02 00:00:00-04:00,0.020699528932828542,0.017811167741821687,0,0.0,0.002888361191006855,0.0,0.9578499214994284
2024-05-03 00:00:00-04:00,0.02054907739847893,0.018448749718910962,0,0.0,0.002100327679567967,0.0,0.9578499214994284
2024-05-06 00:00:00-04:00,0.018550001693984994,0.01836291108118364,0,0.0,0.00018709061280135567,0.0,0.9578499214994284
2024-05-07 00:00:00-04:00,0.0009252331734587172,0.00043460785341235364,0,0.0,0.0004906253200463636,0.0,0.9578499214994284
2024-05-08 00:00:00-04:00,-0.02447144690239645,-0.016459944128731526,0,0.0,-0.008011502773664924,-0.0,0.9578499214994284
2024-05-09 00:00:00-04:00,0.011842356730594077,0.015155652567808557,0,0.0,-0.003313295837214481,-0.0,0.9578499214994284
2024-05-10 00:00:00-04:00,0.003139030872700666,0.012599638265887966,0,0.0,-0.0094606073931873,-0.0,0.9578499214994284
2024-05-13 00:00:00-04:00,-0.02095552262304906,-0.005662566115594769,0,0.0,-0.015292956507454292,-0.0,0.9578499214994284
2024-05-14 00:00:00-04:00,0.007732482761861009,0.001973269811091269,0,0.0,0.00575921295076974,0.0,0.9578499214994284
2024-05-15 00:00:00-04:00,0.06272101114234213,0.05115455667744916,-1,0.0,0.011566454464892968,0.0,0.9578499214994284
2024-05-16 00:00:00-04:00,-0.042852142692092345,-0.033628968621697584,1,-1.0,-0.00922317407039476,0.00922317407039476,0.9666843380587316
2024-05-17 00:00:00-04:00,0.0035043988600894447,0.004107670811140392,0,1.0,-0.000603271951050947,-0.000603271951050947,0.9661011645120605
2024-05-20 00:00:00-04:00,-0.011351203946034933,-0.013412285164906754,0,0.0,0.002061081218871821,0.0,0.9661011645120605
2024-05-21 00:00:00-04:00,-0.0027409940196190274,-0.005882823191542131,0,0.0,0.0031418291719231034,0.0,0.9661011645120605
2024-05-22 00:00:00-04:00,-0.032591256007525306,-0.04288309379096403,1,0.0,0.010291837783438722,0.0,0.9661011645120605
2024-05-23 00:00:00-04:00,-0.012317019043123965,-0.008762928115020925,0,1.0,-0.00355409092810304,-0.00355409092810304,0.9626675531276385
2024-05-24 00:00:00-04:00,0.012524572286952435,0.011965555916773995,0,0.0,0.0005590163701784407,0.0,0.9626675531276385
2024-05-28 00:00:00-04:00,-0.012314339156199687,-0.009186546042576816,0,0.0,-0.0031277931136228718,-0.0,0.9626675531276385
2024-05-29 00:00:00-04:00,-0.010343943218383531,-0.005760341867513802,0,0.0,-0.00458360135086973,-0.0,0.9626675531276385
2024-05-30 00:00:00-04:00,0.02865601468063916,0.019094734441201407,0,0.0,0.009561280239437753,0.0,0.9626675531276385
2024-05-31 00:00:00-04:00,0.015752664615128503,0.0209220611668271,0,0.0,-0.005169396551698596,-0.0,0.9626675531276385
2024-06-03 00:00:00-04:00,-0.0059038199643084936,0.0022426326863487153,0,0.0,-0.008146452650657209,-0.0,0.9626675531276385
2024-06-04 00:00:00-04:00,-0.021046125464148597,-0.018843667748140887,0,0.0,-0.0022024577160077094,-0.0,0.9626675531276385
2024-06-05 00:00:00-04:00,0.015312707894739897,0.01047054192069895,0,0.0,0.0048421659740409476,0.0,0.9626675531276385
2024-06-06 00:00:00-04:00,-0.01649501447561566,-0.020603402902709966,0,0.0,0.004108388427094305,0.0,0.9626675531276385
2024-06-07 00:00:00-04:00,-0.024515241818125463,-0.013542498881537243,0,0.0,-0.01097274293658822,-0.0,0.9626675531276385
2024-06-10 00:00:00-04:00,0.014162564086926312,0.00904857697036364,0,0.0,0.005113987116562673,0.0,0.9626675531276385
2024-06-11 00:00:00-04:00,-0.01888055377852647,-0.020738554001738296,0,0.0,0.001858000223211826,0.0,0.9626675531276385
2024-06-12 00:00:00-04:00,0.029441962829513058,0.018032536733609154,0,0.0,0.011409426095903903,0.0,0.9626675531276385
2024-06-13 00:00:00-04:00,-0.0018802596636409593,0.00025806101528091826,0,0.0,-0.0021383206789218775,-0.0,0.9626675531276385
2024-06-14 00:00:00-04:00,-0.004751424513814203,0.0003869666993300292,0,0.0,-0.005138391213144232,-0.0,0.9626675531276385
2024-06-17 00:00:00-04:00,0.0033562570714745403,0.00904980589537956,0,0.0,-0.005693548823905019,-0.0,0.9626675531276385
2024-06-18 00:00:00-04:00,-0.027313607283320725,-0.05105455349032913,1,0.0,0.023740946207008402,0.0,0.9626675531276385
2024-06-20 00:00:00-04:00,0.012475666166018126,0.003959313857981214,0,1.0,0.008516352308036913,0.008516352308036913,0.9708659691655893
2024-06-21 00:00:00-04:00,0.008746562023926725,0.014890945631565608,0,0.0,-0.0061443836076388834,-0.0,0.9708659691655893
2024-06-24 00:00:00-04:00,0.011590745224092602,-0.005890061101000481,0,0.0,0.017480806325093082,0.0,0.9708659691655893
2024-06-25 00:00:00-04:00,-0.025380145951864996,-0.0098719827251538,0,0.0,-0.015508163226711197,-0.0,0.9708659691655893
2024-06-26 00:00:00-04:00,-0.0008547605982978928,-0.0016100623263252288,0,0.0,0.000755301728027336,0.0,0.9708659691655893
2024-06-27 00:00:00-04:00,0.006251598381642781,0.0012078431482131515,0,0.0,0.00504375523342963,0.0,0.9708659691655893
2024-06-28 00:00:00-04:00,-0.001913873045150586,0.00501699982006303,0,0.0,-0.006930872865213615,-0.0,0.9708659691655893
2024-07-01 00:00:00-04:00,-0.028136403671877922,-0.02664125277744639,0,0.0,-0.001495150894431533,-0.0,0.9708659691655893
2024-07-02 00:00:00-04:00,-0.013297867396225405,-0.01602596196063654,0,0.0,0.0027280945644111362,0.0,0.9708659691655893
2024-07-03 00:00:00-04:00,0.0060464915623360295,-0.0023004112083526646,0,0.0,0.008346902770688693,0.0,0.9708659691655893
2024-07-05 00:00:00-04:00,-0.0034611541669781086,-0.004546916567387522,0,0.0,0.0010857624004094136,0.0,0.9708659691655893
2024-07-08 00:00:00-04:00,0.004563164524141244,0.0,0,0.0,0.004563164524141244,0.0,0.9708659691655893
2024-07-09 00:00:00-04:00,-0.0013226715812572083,-0.0009118024144722348,0,0.0,-0.00041086916678497343,-0.0,0.9708659691655893
2024-07-10 00:00:00-04:00,0.02605464269919554,0.022345007385537595,0,0.0,0.003709635313657946,0.0,0.9708659691655893
2024-07-11 00:00:00-04:00,0.07012414590212658,0.06707866617450892,-1,0.0,0.0030454797276176643,0.0,0.9708659691655893
2024-07-12 00:00:00-04:00,0.02642917028212538,0.02565784739458722,0,-1.0,0.0007713228875381589,-0.0007713228875381589,0.9701171180228401
2024-07-15 00:00:00-04:00,-0.010330187063421667,-0.004387903479516757,0,0.0,-0.005942283583904909,-0.0,0.9701171180228401
2024-07-16 00:00:00-04:00,0.06426730019754569,0.06352496792550112,-1,0.0,0.0007423322720445658,0.0,0.9701171180228401
2024-07-17 00:00:00-04:00,-0.029710938608334674,-0.01868543502993106,0,-1.0,-0.011025503578403612,0.011025503578403612,0.9808131477790716
2024-07-18 00:00:00-04:00,0.09622739191484378,0.02109963655072324,-1,0.0,0.07512775536412054,0.0,0.9808131477790716
2024-07-19 00:00:00-04:00,0.0024189399626522627,0.00533782788859383,0,-1.0,-0.0029188879259415676,0.0029188879259415676,0.9836760314337287
2024-07-22 00:00:00-04:00,0.018918032882167812,0.009084553872360655,0,0.0,0.009833479009807158,0.0,0.9836760314337287
2024-07-23 00:00:00-04:00,-0.0033926193372284803,0.0008693338636471233,0,0.0,-0.004261953200875603,-0.0,0.9836760314337287
2024-07-24 00:00:00-04:00,-0.03158794602936255,-0.022611173473536767,0,0.0,-0.008976772555825786,-0.0,0.9836760314337287
2024-07-25 00:00:00-04:00,0.009483214591263413,0.014644262254417926,0,0.0,-0.005161047663154512,-0.0,0.9836760314337287
2024-07-26 00:00:00-04:00,0.02425473798755911,0.031210402551105694,0,0.0,-0.006955664563546585,-0.0,0.9836760314337287
2024-07-29 00:00:00-04:00,0.009953744939620264,0.008284317334902584,0,0.0,0.0016694276047176798,0.0,0.9836760314337287
2024-07-30 00:00:00-04:00,0.009633804599309306,0.012659450011459194,0,0.0,-0.0030256454121498876,-0.0,0.9836760314337287
2024-07-31 00:00:00-04:00,-0.0028304774493957186,-0.019699600709129822,0,0.0,0.016869123259734102,0.0,0.9836760314337287
2024-08-01 00:00:00-04:00,-0.003233977270371529,-0.003907426201687937,0,0.0,0.0006734489313164078,0.0,0.9836760314337287
2024-08-02 00:00:00-04:00,-0.008018746198383477,-0.010151294561371624,0,0.0,0.002132548362988148,0.0,0.9836760314337287
2024-08-05 00:00:00-04:00,-0.022144058790450602,-0.023605467118437504,0,0.0,0.0014614083279869024,0.0,0.9836760314337287
2024-08-06 00:00:00-04:00,-0.000518164016880894,0.009404471307292224,0,0.0,-0.009922635324173118,-0.0,0.9836760314337287
2024-08-07 00:00:00-04:00,-0.027085394893281343,-0.03099884286447299,0,0.0,0.003913447971191645,0.0,0.9836760314337287
2024-08-08 00:00:00-04:00,0.02183084537538454,0.015589984989920928,0,0.0,0.006240860385463613,0.0,0.9836760314337287
2024-08-09 00:00:00-04:00,0.0013884756632324689,0.002300034616823029,0,0.0,-0.0009115589535905603,-0.0,0.9836760314337287
2024-08-12 00:00:00-04:00,-0.00521664249869018,-0.010778824939662817,0,0.0,0.0055621824409726375,0.0,0.9836760314337287
2024-08-13 00:00:00-04:00,0.017113080031703927,0.01436577867573663,0,0.0,0.002747301355967296,0.0,0.9836760314337287
2024-08-14 00:00:00-04:00,-0.004753036455131939,-0.007363978041583936,0,0.0,0.0026109415864519975,0.0,0.9836760314337287
2024-08-15 00:00:00-04:00,0.006180268625227528,0.008771567542488649,0,0.0,-0.002591298917261121,-0.0,0.9836760314337287
2024-08-16 00:00:00-04:00,0.015454189957813086,0.006717981033434478,0,0.0,0.008736208924378607,0.0,0.9836760314337287
2024-08-19 00:00:00-04:00,0.019084192442915822,0.021369877354868862,0,0.0,-0.0022856849119530405,-0.0,0.9836760314337287
2024-08-20 00:00:00-04:00,-0.010192327229363939,-0.008412619634211905,0,0.0,-0.0017797075951520337,-0.0,0.9836760314337287
2024-08-21 00:00:00-04:00,0.03742890009815346,0.028609711770623714,-1,0.0,0.008819188327529745,0.0,0.9836760314337287
2024-08-22 00:00:00-04:00,-0.003868859700550304,-0.0017328377270413064,0,-1.0,-0.0021360219735089975,0.0021360219735089975,0.9857771850516852
2024-08-23 00:00:00-04:00,0.03205307280807071,0.03453164525831283,0,0.0,-0.0024785724502421197,-0.0,0.9857771850516852
2024-08-26 00:00:00-04:00,-0.014336467048852605,-0.007432191715637595,0,0.0,-0.00690427533321501,-0.0,0.9857771850516852
2024-08-27 00:00:00-04:00,-0.008072418723127984,-0.00704909083725918,0,0.0,-0.0010233278858688038,-0.0,0.9857771850516852
2024-08-28 00:00:00-04:00,0.00016016711240551408,-0.006050112603094816,0,0.0,0.00621027971550033,0.0,0.9857771850516852
2024-08-29 00:00:00-04:00,-0.0038460023992473134,-0.004146368722643403,0,0.0,0.00030036632339608925,0.0,0.9857771850516852
2024-08-30 00:00:00-04:00,0.010170107511160905,0.008550101296534846,0,0.0,0.0016200062146260585,0.0,0.9857771850516852
2024-09-03 00:00:00-04:00,-0.02288099002643463,-0.020420255907848784,0,0.0,-0.002460734118585845,-0.0,0.9857771850516852
2024-09-04 00:00:00-04:00,-0.0016274348949013079,-0.00039249835354307185,0,0.0,-0.001234936541358236,-0.0,0.9857771850516852
2024-09-05 00:00:00-04:00,-0.0025549347578417607,-0.00269543449997814,0,0.0,0.00014049974213637935,0.0,0.9857771850516852
2024-09-06 00:00:00-04:00,0.01308614212257436,0.008901389414588012,0,0.0,0.004184752707986348,0.0,0.9857771850516852
2024-09-09 00:00:00-04:00,0.007386426564118197,0.004337887838798957,0,0.0,0.0030485387253192404,0.0,0.9857771850516852
2024-09-10 00:00:00-04:00,5.3260802363926854e-05,0.00016644282709647062,0,0.0,-0.00011318202473254376,-0.0,0.9857771850516852
2024-09-11 00:00:00-04:00,-0.012718356443044868,-0.011383396300082088,0,0.0,-0.0013349601429627801,-0.0,0.9857771850516852
2024-09-12 00:00:00-04:00,0.019520820854401915,0.017743846381107008,0,0.0,0.0017769744732949073,0.0,0.9857771850516852
2024-09-13 00:00:00-04:00,0.031232210329902737,0.024668434833452466,0,0.0,0.006563775496450271,0.0,0.9857771850516852
2024-09-16 00:00:00-04:00,-0.0010273049232766048,0.0069682460233243225,0,0.0,-0.007995550946600927,-0.0,0.9857771850516852
2024-09-17 00:00:00-04:00,0.0038466684481525083,0.011418990403554189,0,0.0,-0.00757232195540168,-0.0,0.9857771850516852
2024-09-18 00:00:00-04:00,-0.005955722758412259,-0.004923231058337248,0,0.0,-0.001032491700075011,-0.0,0.9857771850516852
2024-09-19 00:00:00-04:00,0.014671127273969112,0.021109719162316166,0,0.0,-0.006438591888347054,-0.0,0.9857771850516852
2024-09-20 00:00:00-04:00,-0.026585868602426267,-0.054786306612226734,1,0.0,0.028200438009800467,0.0,0.9857771850516852
2024-09-23 00:00:00-04:00,0.00814846846877285,0.019620697367550975,0,1.0,-0.011472228898778126,-0.011472228898778126,0.9744681235415792
2024-09-24 00:00:00-04:00,-0.005650180085979742,-0.00848583843759522,0,0.0,0.0028356583516154776,0.0,0.9744681235415792
2024-09-25 00:00:00-04:00,-0.027403343034470153,-0.012947787569885684,0,0.0,-0.014455555464584468,-0.0,0.9744681235415792
2024-09-26 00:00:00-04:00,0.004477779211586482,0.006522102454166712,0,0.0,-0.00204432324258023,-0.0,0.9744681235415792
2024-09-27 00:00:00-04:00,0.012369367890253094,0.02150976395414744,0,0.0,-0.009140396063894345,-0.0,0.9744681235415792
2024-09-30 00:00:00-04:00,0.0022041536686715907,0.0024030357567805687,0,0.0,-0.00019888208810897806,-0.0,0.9744681235415792
2024-10-01 00:00:00-04:00,0.010169727586093342,0.004364342510178258,0,0.0,0.005805385075915084,0.0,0.9744681235415792
2024-10-02 00:00:00-04:00,-0.01127115675442631,-0.00633968150459578,0,0.0,-0.004931475249830531,-0.0,0.9744681235415792
2024-10-03 00:00:00-04:00,-0.0018384693959411522,-0.0011229664673722186,0,0.0,-0.0007155029285689336,-0.0,0.9744681235415792
2024-10-04 00:00:00-04:00,-0.029720656250436506,-0.025194357750331634,0,0.0,-0.004526298500104872,-0.0,0.9744681235415792
2024-10-07 00:00:00-04:00,0.0028123780735654367,-0.0015375349473113835,0,0.0,0.00434991302087682,0.0,0.9744681235415792
2024-10-08 00:00:00-04:00,0.001726617891337784,-0.004185390756430451,0,0.0,0.005912008647768235,0.0,0.9744681235415792
2024-10-09 00:00:00-04:00,-0.0011868540880407713,-0.00143969508301065,0,0.0,0.0002528409949698787,0.0,0.9744681235415792
2024-10-10 00:00:00-04:00,-0.010145205491309461,-0.012547233178843178,0,0.0,0.0024020276875337167,0.0,0.9744681235415792
2024-10-11 00:00:00-04:00,-0.0031128494557183728,-5.6103706422685086e-05,0,0.0,-0.0030567457492956876,-0.0,0.9744681235415792
2024-10-14 00:00:00-04:00,0.02319453369326891,0.018956000810562805,0,0.0,0.004238532882706106,0.0,0.9744681235415792
2024-10-15 00:00:00-04:00,0.012164456548293456,0.018765615326287653,0,0.0,-0.006601158777994196,-0.0,0.9744681235415792
2024-10-16 00:00:00-04:00,0.015871307579355808,0.01804841052093281,0,0.0,-0.002177102941577004,-0.0,0.9744681235415792
2024-10-17 00:00:00-04:00,-0.007720839043573006,-0.015565591377201048,0,0.0,0.007844752333628042,0.0,0.9744681235415792
2024-10-18 00:00:00-04:00,0.018729002578796377,0.01832168559328851,0,0.0,0.0004073169855078676,0.0,0.9744681235415792
2024-10-21 00:00:00-04:00,-0.04354329326519126,-0.044925770061521264,1,0.0,0.0013824767963300025,0.0,0.9744681235415792
2024-10-22 00:00:00-04:00,-0.03207607984992244,-0.03986980993331243,1,1.0,0.007793730083389995,0.007793730083389995,0.9820628650713297
2024-10-23 00:00:00-04:00,-0.0005545959001443925,-0.0057780842400068705,0,1.0,0.005223488339862478,0.005223488339862478,0.9871926589960417
2024-10-24 00:00:00-04:00,0.01327878809319844,0.018998981511514308,0,0.0,-0.005720193418315868,-0.0,0.9871926589960417
2024-10-25 00:00:00-04:00,-0.01911970347214219,-0.014893113789291671,0,0.0,-0.00422658968285052,-0.0,0.9871926589960417
2024-10-28 00:00:00-04:00,0.006340056996309868,0.004663692312948482,0,0.0,0.0016763646833613862,0.0,0.9871926589960417
2024-10-29 00:00:00-04:00,-0.07515757628405749,-0.023185975322595417,1,0.0,-0.05197160096146207,-0.0,0.9871926589960417
2024-10-30 00:00:00-04:00,0.011705069408178281,0.008196869415927283,0,1.0,0.0035081999922509984,0.0035081999922509984,0.9906559282746819
2024-10-31 00:00:00-04:00,-0.0017144948765769753,-0.0070217131130410415,0,0.0,0.005307218236464066,0.0,0.9906559282746819
2024-11-01 00:00:00-04:00,-0.008079944947467771,-0.0037651092589839888,0,0.0,-0.0043148356884837825,-0.0,0.9906559282746819
2024-11-04 00:00:00-05:00,0.01832318719597256,0.0173540866168781,0,0.0,0.0009691005790944604,0.0,0.9906559282746819
2024-11-05 00:00:00-05:00,0.014709077715251873,0.02657982164367574,0,0.0,-0.011870743928423869,-0.0,0.9906559282746819
2024-11-06 00:00:00-05:00,-0.03859529925488959,-0.04960838063199948,1,0.0,0.011013081377109893,0.0,0.9906559282746819
2024-11-07 00:00:00-05:00,0.008362695519610825,0.015936326746998925,0,1.0,-0.0075736312273881005,-0.0075736312273881005,0.9831530656007036
2024-11-08 00:00:00-05:00,0.004036883989467074,0.006802536725306811,0,0.0,-0.0027656527358397368,-0.0,0.9831530656007036
2024-11-11 00:00:00-05:00,-0.007910727444763026,-0.0016237922773054455,0,0.0,-0.00628693516745758,-0.0,0.9831530656007036
2024-11-12 00:00:00-05:00,-0.03180665865156209,-0.03616559632660824,0,0.0,0.004358937675046151,0.0,0.9831530656007036
2024-11-13 00:00:00-05:00,-0.004334935997448401,0.0009022808009226464,0,0.0,-0.0052372167983710475,-0.0,0.9831530656007036
2024-11-14 00:00:00-05:00,0.01606829720506742,0.020647528988925974,0,0.0,-0.004579231783858554,-0.0,0.9831530656007036
2024-11-15 00:00:00-05:00,-0.013093854422691767,-0.005610570120015608,0,0.0,-0.007483284302676159,-0.0,0.9831530656007036
2024-11-18 00:00:00-05:00,-0.0009904665207124096,-0.005523145841906981,0,0.0,0.004532679321194571,0.0,0.9831530656007036
2024-11-19 00:00:00-05:00,0.005250976437404262,0.004930694457236381,0,0.0,0.00032028198016788127,0.0,0.9831530656007036
2024-11-20 00:00:00-05:00,0.005039562324100996,-0.003086285798927201,0,0.0,0.008125848123028197,0.0,0.9831530656007036
2024-11-21 00:00:00-05:00,-0.007754316959286618,-0.0009514731489019886,0,0.0,-0.0068028438103846295,-0.0,0.9831530656007036
2024-11-22 00:00:00-05:00,0.010264793828542422,0.0065235679589847086,0,0.0,0.003741225869557713,0.0,0.9831530656007036
2024-11-25 00:00:00-05:00,0.055948231324293586,0.054580412076550726,-1,0.0,0.0013678192477428602,0.0,0.9831530656007036
2024-11-26 00:00:00-05:00,-0.024763508174556772,-0.02988349138252167,0,-1.0,0.005119983207964897,-0.005119983207964897,0.9781193384139688
2024-11-27 00:00:00-05:00,0.004258559649221793,0.004028741466925042,0,0.0,0.00022981818229675117,0.0,0.9781193384139688
2024-11-29 00:00:00-05:00,-0.0038436844383695126,0.001664347096639272,0,0.0,-0.005508031535008785,-0.0,0.9781193384139688
2024-12-02 00:00:00-05:00,-0.008209959104832142,-0.005289492410101248,0,0.0,-0.0029204666947308944,-0.0,0.9781193384139688
2024-12-03 00:00:00-05:00,-0.0028116326026539065,0.0006340244155154482,0,0.0,-0.0034456570181693544,-0.0,0.9781193384139688
2024-12-04 00:00:00-05:00,-0.0339985505119743,-0.036312332738654786,0,0.0,0.0023137822266804872,0.0,0.9781193384139688
2024-12-05 00:00:00-05:00,-0.010404205453937844,-0.014441433417586644,0,0.0,0.0040372279636488005,0.0,0.9781193384139688
2024-12-06 00:00:00-05:00,-0.007354100389606728,-0.0093778113854278,0,0.0,0.002023710995821073,0.0,0.9781193384139688
2024-12-09 00:00:00-05:00,0.01533825234307282,0.015541002976058312,0,0.0,-0.00020275063298549195,-0.0,0.9781193384139688
2024-12-10 00:00:00-05:00,-0.024910099618782884,-0.026490806460159357,0,0.0,0.0015807068413764731,0.0,0.9781193384139688
2024-12-11 00:00:00-05:00,-0.021373365306455505,-0.021950199997841688,0,0.0,0.0005768346913861827,0.0,0.9781193384139688
2024-12-12 00:00:00-05:00,-0.016202798254425853,-0.01715429141325334,0,0.0,0.0009514931588274871,0.0,0.9781193384139688
2024-12-13 00:00:00-05:00,-0.008901417802325274,-0.006970952753990608,0,0.0,-0.0019304650483346663,-0.0,0.9781193384139688
2024-12-16 00:00:00-05:00,-0.015194613274032879,-0.016127656090181627,0,0.0,0.0009330428161487478,0.0,0.9781193384139688
2024-12-17 00:00:00-05:00,-0.006115730585548213,-0.002966652661432723,0,0.0,-0.00314907792411549,-0.0,0.9781193384139688
2024-12-18 00:00:00-05:00,-0.03425177750822429,-0.03726046594252685,0,0.0,0.0030086884343025547,0.0,0.9781193384139688
2024-12-19 00:00:00-05:00,-0.0324748128895246,-0.05297910688419216,1,0.0,0.020504293994667563,0.0,0.9781193384139688
2024-12-20 00:00:00-05:00,0.017121417641332872,-0.002314673992761494,0,1.0,0.019436091634094366,0.019436091634094366,0.9971301555044624
2024-12-23 00:00:00-05:00,0.0034323680237656794,-0.0005796217859645142,0,0.0,0.004011989809730193,0.0,0.9971301555044624
2024-12-24 00:00:00-05:00,0.00682937581681086,0.0,0,0.0,0.00682937581681086,0.0,0.9971301555044624
2024-12-26 00:00:00-05:00,0.0029731530812344533,0.004626906683574639,0,0.0,-0.0016537536023401855,-0.0,0.9971301555044624
2024-12-27 00:00:00-05:00,-0.008447254332419602,-0.010513736816053096,0,0.0,0.002066482483633494,0.0,0.9971301555044624
2024-12-30 00:00:00-05:00,-0.005145763124754873,-0.007242526761058626,0,0.0,0.0020967636363037525,0.0,0.9971301555044624
